-- MySQL dump 10.13  Distrib 8.0.23, for Win64 (x86_64)
--
-- Host: localhost    Database: kinopoisk
-- ------------------------------------------------------
-- Server version	8.0.23

/*!40101 SET @OLD_CHARACTER_SET_CLIENT=@@CHARACTER_SET_CLIENT */;
/*!40101 SET @OLD_CHARACTER_SET_RESULTS=@@CHARACTER_SET_RESULTS */;
/*!40101 SET @OLD_COLLATION_CONNECTION=@@COLLATION_CONNECTION */;
/*!50503 SET NAMES utf8mb4 */;
/*!40103 SET @OLD_TIME_ZONE=@@TIME_ZONE */;
/*!40103 SET TIME_ZONE='+00:00' */;
/*!40014 SET @OLD_UNIQUE_CHECKS=@@UNIQUE_CHECKS, UNIQUE_CHECKS=0 */;
/*!40014 SET @OLD_FOREIGN_KEY_CHECKS=@@FOREIGN_KEY_CHECKS, FOREIGN_KEY_CHECKS=0 */;
/*!40101 SET @OLD_SQL_MODE=@@SQL_MODE, SQL_MODE='NO_AUTO_VALUE_ON_ZERO' */;
/*!40111 SET @OLD_SQL_NOTES=@@SQL_NOTES, SQL_NOTES=0 */;

--
-- Table structure for table `actors`
--

DROP TABLE IF EXISTS `actors`;
/*!40101 SET @saved_cs_client     = @@character_set_client */;
/*!50503 SET character_set_client = utf8mb4 */;
CREATE TABLE `actors` (
  `id` int unsigned NOT NULL AUTO_INCREMENT COMMENT '╨Ш╨┤╨╡╨╜╤В╨╕╤Д╨╕╨║╨░╤В╨╛╤А ╤Б╤В╤А╨╛╨║╨╕',
  `avatar_id` int DEFAULT NULL COMMENT 'C╤Б╤Л╨╗╨║╨░ ╨╜╨░ ╨░╨▓╨░╤В╨░╤А ╨▓ ╤В╨░╨▒╨╗╨╕╤Ж╨╡ media',
  `first_name` varchar(100) CHARACTER SET utf8mb4 COLLATE utf8mb4_unicode_ci NOT NULL COMMENT '╨Ш╨╝╤П ╨┐╨╛╨╗╤М╨╖╨╛╨▓╨░╤В╨╡╨╗╤П',
  `last_name` varchar(100) CHARACTER SET utf8mb4 COLLATE utf8mb4_unicode_ci NOT NULL COMMENT '╨д╨░╨╝╨╕╨╗╨╕╤П ╨┐╨╛╨╗╤М╨╖╨╛╨▓╨░╤В╨╡╨╗╤П',
  `gender` enum('m','f') CHARACTER SET utf8mb4 COLLATE utf8mb4_unicode_ci NOT NULL COMMENT '╨Я╨╛╨╗',
  `birthday` date DEFAULT NULL COMMENT '╨Ф╨░╤В╨░ ╤А╨╛╨╢╨┤╨╡╨╜╨╕╤П',
  `country` varchar(100) CHARACTER SET utf8mb4 COLLATE utf8mb4_unicode_ci DEFAULT NULL COMMENT '╨а╨╛╨┤╨╜╨░╤П ╤Б╤В╤А╨░╨╜╨░',
  `spouse_last_name` varchar(100) CHARACTER SET utf8mb4 COLLATE utf8mb4_unicode_ci NOT NULL COMMENT '╨д╨░╨╝╨╕╨╗╨╕╤П ╤Б╤Г╨┐╤А╤Г╨│╨░/╤Б╤Г╨┐╤А╤Г╨│╨╕',
  `count_films` int DEFAULT NULL COMMENT '╨Ъ╨╛╨╗╨╕╤З╨╡╤Б╤В╨▓╨╛ ╤Д╨╕╨╗╤М╨╝╨╛╨▓',
  PRIMARY KEY (`id`),
  UNIQUE KEY `avatar_id` (`avatar_id`)
) ENGINE=InnoDB AUTO_INCREMENT=201 DEFAULT CHARSET=utf8mb4 COLLATE=utf8mb4_unicode_ci COMMENT='╨Р╨║╤В╨╡╤А╤Л';
/*!40101 SET character_set_client = @saved_cs_client */;

--
-- Dumping data for table `actors`
--

LOCK TABLES `actors` WRITE;
/*!40000 ALTER TABLE `actors` DISABLE KEYS */;
INSERT INTO `actors` VALUES (1,181,'Rubie','Yost','m','1986-12-28','Guatemala','Donnelly',3),(2,84,'Stephan','Wehner','m','2004-09-10','Sri Lanka','Batz',2),(3,149,'Eloise','Kulas','m','2021-05-07','Iran','Mayer',11),(4,193,'Olga','Hegmann','m','2013-05-06','Djibouti','Mann',11),(5,191,'Irma','Johnson','f','1992-10-28','Djibouti','Turner',14),(6,135,'Lue','Gaylord','f','1975-05-02','Namibia','Schulist',12),(7,72,'Kristina','Emmerich','f','2015-05-21','Moldova','Ortiz',18),(8,59,'Aniyah','Rowe','f','1993-06-08','Maldives','Swaniawski',13),(9,172,'Hayley','Schinner','m','1988-08-06','Chad','Cormier',9),(10,62,'Rosalia','Bode','m','2009-05-11','Cote d\'Ivoire','Abernathy',9),(11,71,'Jarrod','Hills','m','1983-08-15','Jersey','Simonis',3),(12,125,'Mason','Schroeder','m','2014-12-06','Afghanistan','Flatley',12),(13,1,'Melyssa','Labadie','m','1974-01-25','Western Sahara','Mertz',9),(14,27,'Florence','Mante','m','2006-05-19','Cape Verde','Heathcote',19),(15,180,'Hermina','Wuckert','m','2004-05-01','Liberia','Jacobson',4),(16,51,'Arely','Kub','f','1988-10-16','Jamaica','Johnson',2),(17,16,'Howell','Corkery','m','1998-11-01','Tanzania','Moore',20),(18,88,'Robert','Hermiston','f','2015-08-26','Iraq','Gleichner',3),(19,151,'Sven','Terry','m','2014-01-28','Mozambique','Wunsch',7),(20,176,'Zelda','Dibbert','m','1997-12-17','Ecuador','Steuber',15),(21,128,'Ericka','Bogan','f','2008-11-03','United States Minor Outlying Islands','Carter',16),(22,169,'Mason','Beahan','f','1983-05-05','Israel','Steuber',13),(23,121,'Malika','Corkery','m','1984-10-29','Norfolk Island','Toy',12),(24,57,'Matteo','Towne','m','2002-11-24','Belize','Hansen',17),(25,33,'Ines','Herman','m','1981-12-23','Cayman Islands','Breitenberg',15),(26,82,'Bethel','Stark','m','2015-09-17','Ethiopia','Gulgowski',8),(27,163,'Avery','Wilkinson','f','2013-06-07','Cyprus','Breitenberg',7),(28,179,'Jerrell','Steuber','m','1990-10-03','Ireland','Bahringer',3),(29,83,'Richard','Lang','f','1970-08-02','Japan','Welch',15),(30,105,'Deangelo','Dare','f','2013-01-26','Estonia','Bode',11),(31,196,'Deron','Shanahan','m','2005-04-04','Benin','Herzog',5),(32,200,'Jaylon','Gutmann','f','1991-08-06','French Southern Territories','Windler',13),(33,68,'Amya','Hermann','f','1997-12-08','France','Wyman',13),(34,2,'Myron','Braun','m','1973-08-02','Bulgaria','Gusikowski',19),(35,114,'Brigitte','Runolfsdottir','f','1998-06-21','Germany','Hayes',10),(36,112,'Felix','Fadel','m','1990-06-09','Saint Helena','Boyle',18),(37,148,'Garth','Lubowitz','m','1988-02-10','Montenegro','Lang',11),(38,89,'Arturo','Goldner','m','2005-03-09','Greenland','Funk',17),(39,49,'Emil','Wolff','f','2019-08-19','Micronesia','Ziemann',6),(40,60,'Lionel','Bailey','f','1994-03-14','France','Hyatt',17),(41,8,'Malvina','Crooks','m','2020-07-18','Fiji','Kohler',14),(42,7,'Clemmie','Keeling','f','1980-06-28','Niue','Gutkowski',12),(43,120,'Abigail','Farrell','m','1990-02-07','Paraguay','Hahn',17),(44,90,'Malinda','Green','f','1992-01-16','New Zealand','Bauch',7),(45,102,'Noah','Gutkowski','m','2007-02-11','American Samoa','Wilderman',5),(46,10,'Abbie','Cronin','f','2012-12-08','Chile','Waters',13),(47,131,'Bailey','Rice','m','1985-12-10','Sweden','Hettinger',20),(48,190,'Charlotte','Ankunding','m','1972-10-08','New Caledonia','Dietrich',2),(49,39,'Malika','Kreiger','f','1998-03-29','Ecuador','McCullough',2),(50,80,'Gerda','Kertzmann','m','1996-03-16','Comoros','Auer',16),(51,137,'Emmie','Mertz','m','2012-02-28','Saint Helena','Adams',5),(52,146,'Maribel','Barrows','f','2003-12-19','Slovenia','Swaniawski',5),(53,73,'Duane','Osinski','f','2012-08-22','Malta','Mante',11),(54,175,'Johann','Halvorson','f','1970-10-21','Greece','Rogahn',15),(55,182,'Newton','Marks','f','1979-07-03','Papua New Guinea','Trantow',1),(56,111,'Murray','Gulgowski','m','2017-04-20','Argentina','Skiles',8),(57,23,'Garnet','Feest','m','1984-02-29','Reunion','Halvorson',6),(58,101,'Alexandria','Koepp','m','1995-04-01','Portugal','Erdman',9),(59,20,'Estella','Graham','f','2013-11-10','Uruguay','Lueilwitz',14),(60,61,'Oliver','Rath','m','1972-10-03','Albania','Grant',19),(61,144,'Natalie','Walker','m','1995-03-13','Saint Pierre and Miquelon','Champlin',9),(62,86,'Nathanael','Gutkowski','m','1990-02-26','Reunion','Aufderhar',1),(63,126,'Bobbie','Quigley','f','1987-11-20','Indonesia','Brekke',13),(64,164,'Shania','Gleichner','f','1988-09-06','British Indian Ocean Territory (Chagos Archipelago)','Smitham',16),(65,141,'Jazmyne','Abernathy','m','1978-03-03','Kuwait','Goldner',12),(66,199,'Abbigail','Shields','m','2019-03-01','Serbia','Keeling',6),(67,70,'Irwin','Okuneva','f','1991-05-23','Cyprus','Ryan',11),(68,63,'Fae','Koss','f','1989-02-12','Japan','Miller',15),(69,103,'Frederique','Wilkinson','m','2000-02-03','Macao','Steuber',12),(70,99,'Amir','Robel','f','2003-10-13','Belize','Schoen',13),(71,153,'Addison','Mayert','f','1970-11-24','Samoa','Streich',2),(72,143,'Mona','Wisozk','f','1985-10-12','Moldova','Volkman',2),(73,129,'Irwin','Simonis','f','1972-09-06','Svalbard & Jan Mayen Islands','Donnelly',3),(74,30,'Favian','Funk','f','1998-08-21','China','Bahringer',7),(75,50,'Dee','McDermott','m','1980-06-01','Micronesia','Nicolas',14),(76,42,'Audreanne','Anderson','m','1990-10-14','United States of America','Pagac',19),(77,21,'Mose','Tillman','f','1991-05-31','Saint Martin','Russel',9),(78,165,'Austin','Johnston','f','1997-01-07','Uzbekistan','Bartell',9),(79,36,'Luciano','Bergstrom','m','1973-12-20','Singapore','Hyatt',10),(80,56,'Joany','Swaniawski','m','1983-11-12','Belize','Hilll',20),(81,65,'Madaline','Hirthe','m','1992-12-19','Saint Lucia','Jones',3),(82,110,'Jamaal','Deckow','m','2001-07-14','Lesotho','Skiles',2),(83,150,'Keeley','Wilkinson','m','2008-03-16','Honduras','Simonis',9),(84,185,'Russ','DuBuque','m','1976-01-02','Benin','White',19),(85,18,'Rex','Borer','m','2006-11-06','Christmas Island','Cremin',16),(86,44,'Jazlyn','Tremblay','f','1978-05-30','Burkina Faso','Ward',10),(87,195,'Adaline','Dibbert','m','2020-03-21','Bangladesh','Willms',15),(88,183,'Arielle','Carter','m','2019-01-30','Saint Vincent and the Grenadines','Brown',3),(89,76,'Assunta','Hettinger','f','2021-01-05','Lebanon','Jenkins',8),(90,116,'Peggie','Kuvalis','f','2000-05-26','Qatar','Muller',17),(91,93,'Khalid','Dach','m','2015-12-14','United Kingdom','Lang',8),(92,64,'Mabelle','Spinka','f','2019-11-09','Nepal','Schultz',9),(93,19,'Ernest','Morissette','f','1993-01-17','Lebanon','Jenkins',3),(94,108,'Summer','Wolff','m','1978-03-01','Tonga','Kovacek',10),(95,54,'Jannie','Gaylord','m','1995-04-06','Netherlands','Durgan',20),(96,194,'Litzy','Murphy','f','1988-10-18','Estonia','Pfeffer',5),(97,45,'Osborne','Grady','f','2000-02-11','Croatia','Ward',11),(98,154,'Maud','Fisher','f','1996-11-18','South Africa','Jacobi',6),(99,92,'Leanna','Gerhold','f','1997-04-24','India','Littel',16),(100,53,'Lavinia','Stark','m','1984-12-09','Cook Islands','Wolff',15),(101,13,'Nico','Spinka','m','2004-06-24','Kyrgyz Republic','Nicolas',6),(102,85,'Zack','Windler','f','1990-03-04','Eritrea','Dietrich',1),(103,14,'Deon','Wehner','m','2001-12-24','Mauritania','Trantow',6),(104,109,'Quinton','Sawayn','m','1975-11-26','Morocco','Adams',7),(105,132,'Regan','Daugherty','f','1990-12-13','Western Sahara','Kirlin',17),(106,156,'Noe','O\'Conner','f','2004-09-21','Tokelau','Hyatt',9),(107,171,'Liana','Greenholt','m','1982-10-23','Argentina','McCullough',15),(108,159,'Kylee','Schiller','f','2010-12-20','Korea','Altenwerth',13),(109,74,'Ismael','Boyer','f','2018-06-08','Madagascar','Wyman',6),(110,189,'Cody','Mann','m','1981-01-10','Luxembourg','Nitzsche',16),(111,160,'Isabella','Kozey','f','2006-01-23','Malawi','Parisian',19),(112,147,'Clotilde','Balistreri','f','2012-09-27','Albania','Turcotte',13),(113,41,'Van','Terry','f','2002-08-08','Spain','Daugherty',13),(114,139,'Madeline','Halvorson','m','1991-04-10','Denmark','Marvin',3),(115,87,'Jaqueline','Collier','m','1975-03-24','Tajikistan','Green',18),(116,124,'Jakob','Blanda','m','1997-06-11','Mayotte','Bahringer',7),(117,29,'Ramona','Skiles','f','2005-09-04','Niger','Runolfsson',5),(118,117,'Elinor','Altenwerth','f','2011-10-31','Lao People\'s Democratic Republic','McLaughlin',11),(119,173,'Edythe','Hintz','m','1997-07-23','Isle of Man','Renner',12),(120,48,'Elyssa','Feeney','m','2016-03-16','Aruba','Reilly',18),(121,174,'Margaretta','Swift','f','1992-09-07','Latvia','Welch',1),(122,77,'Dayne','Schowalter','m','1984-12-13','Martinique','Crona',17),(123,122,'Lela','Smith','m','2015-02-01','Solomon Islands','Kiehn',19),(124,198,'Deangelo','Gottlieb','f','1999-04-08','Wallis and Futuna','Leuschke',12),(125,166,'Rogers','Wunsch','m','2006-06-18','Martinique','Lang',2),(126,78,'Liam','Wiegand','m','2012-12-10','British Indian Ocean Territory (Chagos Archipelago)','Howell',6),(127,140,'Leonard','Rippin','f','1986-06-10','Comoros','Kunze',14),(128,158,'Chloe','Schumm','m','1970-02-22','Saint Kitts and Nevis','Brekke',14),(129,155,'Shanny','Paucek','m','2003-10-11','Latvia','Harber',14),(130,22,'Bobby','Considine','f','2007-06-18','Algeria','Keeling',8),(131,136,'Aglae','Trantow','f','2018-01-16','Gambia','Lind',9),(132,15,'Dexter','Gaylord','m','2012-06-29','Suriname','Hettinger',14),(133,6,'Vivian','Grimes','f','2006-10-11','Iceland','Kautzer',2),(134,184,'Cassandra','Emard','m','2019-04-23','Niue','Hauck',10),(135,97,'Benny','Torp','m','2001-08-09','Sao Tome and Principe','Keebler',17),(136,26,'Frankie','Bradtke','f','2008-12-19','Guam','Hayes',20),(137,17,'Marcelo','Reynolds','m','1979-02-05','Argentina','O\'Keefe',19),(138,40,'Alfred','Cremin','m','2015-10-26','Andorra','Kemmer',11),(139,75,'Clement','Roberts','f','1997-03-17','Montenegro','Conn',14),(140,12,'Scot','Boyle','m','2005-10-27','Singapore','Mosciski',15),(141,168,'Vaughn','McGlynn','m','2017-05-01','Christmas Island','Von',18),(142,145,'Everette','Dickens','m','1991-03-27','Denmark','Wintheiser',6),(143,170,'Ezekiel','Buckridge','f','2010-02-04','Trinidad and Tobago','Stokes',15),(144,34,'Adriana','Kilback','f','1982-03-24','Korea','Wilderman',10),(145,5,'Bell','Klocko','f','1988-05-31','Belgium','Windler',10),(146,32,'Nikolas','Bernhard','m','1972-05-11','Guernsey','O\'Conner',1),(147,25,'Uriel','Maggio','f','2021-02-21','Costa Rica','Berge',17),(148,24,'Stephon','D\'Amore','m','1970-12-13','French Southern Territories','Lind',5),(149,47,'Golda','Feest','m','1977-11-02','Bouvet Island (Bouvetoya)','Dietrich',19),(150,186,'Geoffrey','Cremin','f','2020-12-24','Sierra Leone','Hagenes',15),(151,4,'Eulalia','Ebert','m','1991-12-27','Brazil','Ratke',18),(152,197,'Wilson','Bins','m','1985-09-04','Western Sahara','Price',5),(153,3,'Brando','Bradtke','m','1977-05-23','Saint Vincent and the Grenadines','Pagac',6),(154,91,'Kamille','Buckridge','f','2000-04-01','Iceland','McGlynn',1),(155,67,'Destini','Johns','m','2012-01-06','Syrian Arab Republic','Block',16),(156,81,'Stanford','Cummings','m','2003-06-30','Costa Rica','Boyer',13),(157,162,'Jaiden','Osinski','f','1996-11-15','Pakistan','Nicolas',12),(158,46,'Helena','Crist','m','1984-06-21','United States of America','Welch',15),(159,106,'Bart','Murray','m','1979-11-07','Moldova','Mante',1),(160,94,'Uriel','Heaney','f','2014-11-17','Venezuela','Schneider',1),(161,79,'Lucinda','Schimmel','f','2000-06-23','Netherlands','Douglas',4),(162,38,'Antonette','Marquardt','f','2005-12-18','Chad','Huels',17),(163,43,'Jan','Johnston','f','2012-05-24','Iran','Metz',9),(164,187,'Lane','Gusikowski','f','1998-10-22','Bahamas','Roberts',6),(165,142,'Alessia','Schultz','m','1989-04-15','Yemen','Wilderman',7),(166,152,'Monroe','Gleichner','f','2011-03-14','Samoa','Rau',6),(167,161,'Dean','Ferry','m','1994-11-29','Swaziland','Schneider',15),(168,55,'Winona','Lubowitz','f','1991-07-15','Maldives','Volkman',8),(169,28,'Jaeden','Rutherford','m','2012-02-05','Heard Island and McDonald Islands','Wiza',17),(170,31,'Erling','Kshlerin','f','1970-04-26','Palestinian Territory','Parisian',7),(171,96,'Wellington','Satterfield','f','2020-12-22','Poland','Huels',2),(172,115,'Isom','Reinger','f','2011-03-28','Swaziland','Hammes',3),(173,37,'Dewitt','Abernathy','m','2021-05-11','Equatorial Guinea','Jerde',2),(174,11,'Eldora','Kling','m','2002-12-14','United Arab Emirates','Kohler',12),(175,98,'Carissa','Murphy','f','1977-09-01','Svalbard & Jan Mayen Islands','Dickinson',4),(176,66,'Meredith','Kemmer','m','2019-12-11','Mauritius','Keeling',20),(177,113,'Coty','Reynolds','f','2007-05-21','Myanmar','Monahan',9),(178,95,'Rachael','Rosenbaum','f','2005-03-02','Myanmar','Bauch',11),(179,130,'Mia','Oberbrunner','m','1982-12-04','Anguilla','O\'Kon',19),(180,188,'Scotty','Sporer','f','1974-05-26','Barbados','Cronin',14),(181,104,'King','Yost','f','1984-09-16','Saint Kitts and Nevis','Hyatt',3),(182,69,'Jaquan','O\'Kon','f','2003-04-22','Myanmar','Glover',9),(183,119,'Katelyn','Osinski','m','1974-04-22','Svalbard & Jan Mayen Islands','Mann',15),(184,100,'Lorena','Hettinger','m','2020-11-27','Grenada','Rice',20),(185,52,'Lavinia','Vandervort','m','2011-06-10','Christmas Island','Ledner',7),(186,177,'Lourdes','Lang','m','1980-01-19','Rwanda','Hayes',9),(187,167,'Carolanne','Rogahn','f','1984-04-08','Tajikistan','Gerlach',2),(188,133,'Lilly','Heller','m','2004-10-26','Saudi Arabia','Swift',9),(189,118,'Michael','Lesch','f','1986-08-18','Comoros','Bergstrom',18),(190,58,'Dina','DuBuque','f','1987-01-26','Palau','Reichel',2),(191,134,'Christa','Abshire','f','1983-10-10','Croatia','Langworth',6),(192,107,'Eileen','Nienow','f','1979-06-20','Ethiopia','Bahringer',6),(193,192,'Evie','Fisher','f','1984-04-28','United States of America','Nicolas',9),(194,138,'Floy','Blanda','m','2002-04-18','Indonesia','Spencer',10),(195,157,'Lyla','Haley','f','2005-06-08','Kenya','Hane',11),(196,127,'Lincoln','Strosin','f','1998-05-21','Gambia','Harvey',10),(197,178,'Eileen','Bergstrom','f','2019-07-21','Morocco','Reynolds',8),(198,35,'Adolph','Bechtelar','f','1998-12-04','Norway','McCullough',8),(199,9,'Jaycee','Nikolaus','m','1986-04-13','Qatar','Durgan',6),(200,123,'Eda','Schmeler','m','2013-02-18','India','Schmitt',14);
/*!40000 ALTER TABLE `actors` ENABLE KEYS */;
UNLOCK TABLES;

--
-- Table structure for table `actors_in_films`
--

DROP TABLE IF EXISTS `actors_in_films`;
/*!40101 SET @saved_cs_client     = @@character_set_client */;
/*!50503 SET character_set_client = utf8mb4 */;
CREATE TABLE `actors_in_films` (
  `id` int unsigned NOT NULL AUTO_INCREMENT,
  `actors_id` int unsigned NOT NULL COMMENT '╨б╤Б╤Л╨╗╨║╨░ ╨╜╨░ ╨░╨║╤В╨╡╤А╨░',
  `films_id` int unsigned NOT NULL COMMENT '╨б╤Б╤Л╨╗╨║╨░ ╨╜╨░ ╤Д╨╕╨╗╤М╨╝',
  PRIMARY KEY (`id`),
  KEY `actors_from_actors_in_film_id_fk` (`actors_id`),
  KEY `film_from_actors_in_film_id_fk` (`films_id`),
  CONSTRAINT `actors_from_actors_in_film_id_fk` FOREIGN KEY (`actors_id`) REFERENCES `actors` (`id`) ON DELETE CASCADE,
  CONSTRAINT `film_from_actors_in_film_id_fk` FOREIGN KEY (`films_id`) REFERENCES `films` (`id`) ON DELETE CASCADE
) ENGINE=InnoDB AUTO_INCREMENT=301 DEFAULT CHARSET=utf8mb4 COLLATE=utf8mb4_unicode_ci COMMENT='╨в╨░╨▒╨╗╨╕╤Ж╨░ ╨░╨║╤В╨╡╤А╨╛╨▓ ╨╕ ╤Д╨╕╨╗╤М╨╝╨╛╨▓';
/*!40101 SET character_set_client = @saved_cs_client */;

--
-- Dumping data for table `actors_in_films`
--

LOCK TABLES `actors_in_films` WRITE;
/*!40000 ALTER TABLE `actors_in_films` DISABLE KEYS */;
INSERT INTO `actors_in_films` VALUES (1,100,16),(2,182,3),(3,53,53),(4,149,79),(5,122,10),(6,187,57),(7,145,24),(8,138,49),(9,172,9),(10,4,73),(11,160,80),(12,110,36),(13,36,73),(14,16,12),(15,119,60),(16,159,83),(17,22,97),(18,77,89),(19,159,99),(20,155,16),(21,98,16),(22,88,92),(23,85,44),(24,33,26),(25,198,25),(26,73,35),(27,182,30),(28,145,1),(29,108,87),(30,121,18),(31,83,95),(32,136,10),(33,70,44),(34,173,34),(35,180,76),(36,158,74),(37,152,74),(38,54,74),(39,135,18),(40,196,83),(41,191,94),(42,108,73),(43,70,51),(44,172,31),(45,195,9),(46,46,35),(47,24,10),(48,37,78),(49,104,69),(50,165,50),(51,192,35),(52,128,32),(53,23,33),(54,9,93),(55,42,39),(56,8,97),(57,79,81),(58,145,45),(59,61,30),(60,34,98),(61,59,98),(62,65,37),(63,114,5),(64,141,69),(65,100,64),(66,152,80),(67,86,51),(68,137,97),(69,176,75),(70,100,77),(71,62,97),(72,15,16),(73,38,62),(74,101,95),(75,90,23),(76,38,34),(77,4,10),(78,154,29),(79,32,29),(80,192,64),(81,57,54),(82,186,56),(83,140,31),(84,47,90),(85,9,91),(86,118,44),(87,81,33),(88,26,10),(89,40,88),(90,76,32),(91,15,45),(92,132,60),(93,30,9),(94,74,94),(95,87,15),(96,153,32),(97,200,80),(98,153,87),(99,2,72),(100,179,15),(101,86,27),(102,4,6),(103,178,54),(104,17,35),(105,116,55),(106,75,91),(107,20,78),(108,157,21),(109,79,37),(110,166,27),(111,28,80),(112,101,16),(113,168,18),(114,181,17),(115,194,88),(116,11,89),(117,68,86),(118,51,42),(119,75,5),(120,26,34),(121,126,16),(122,1,56),(123,184,91),(124,26,69),(125,58,69),(126,120,52),(127,62,72),(128,126,22),(129,47,89),(130,5,55),(131,180,43),(132,112,93),(133,105,20),(134,32,61),(135,48,50),(136,13,25),(137,52,13),(138,19,54),(139,53,79),(140,51,4),(141,181,49),(142,66,73),(143,102,53),(144,49,11),(145,106,90),(146,86,65),(147,26,25),(148,122,79),(149,130,8),(150,89,76),(151,102,93),(152,49,23),(153,132,80),(154,79,8),(155,46,44),(156,41,27),(157,62,26),(158,56,24),(159,15,52),(160,122,92),(161,115,47),(162,143,44),(163,149,2),(164,85,60),(165,72,76),(166,16,48),(167,175,52),(168,38,73),(169,128,24),(170,176,98),(171,47,73),(172,83,52),(173,191,40),(174,97,64),(175,197,44),(176,138,28),(177,60,18),(178,150,31),(179,63,77),(180,24,92),(181,85,26),(182,144,29),(183,49,86),(184,103,78),(185,188,6),(186,78,45),(187,184,75),(188,11,45),(189,46,27),(190,115,28),(191,130,35),(192,43,87),(193,29,83),(194,120,60),(195,112,60),(196,84,48),(197,12,61),(198,56,92),(199,199,93),(200,48,75),(201,41,80),(202,110,10),(203,78,21),(204,117,62),(205,47,82),(206,175,5),(207,29,82),(208,108,5),(209,12,74),(210,8,70),(211,112,83),(212,55,44),(213,59,91),(214,159,24),(215,117,83),(216,162,65),(217,195,26),(218,162,28),(219,52,67),(220,42,9),(221,183,1),(222,86,69),(223,32,23),(224,10,73),(225,155,53),(226,86,22),(227,96,53),(228,77,36),(229,62,97),(230,43,33),(231,138,39),(232,174,70),(233,160,35),(234,168,3),(235,93,20),(236,25,57),(237,150,48),(238,148,97),(239,75,48),(240,15,15),(241,183,14),(242,101,6),(243,57,83),(244,129,46),(245,5,41),(246,14,71),(247,99,16),(248,51,7),(249,65,74),(250,60,5),(251,157,10),(252,76,73),(253,23,62),(254,52,56),(255,139,8),(256,36,41),(257,105,74),(258,52,3),(259,52,79),(260,122,25),(261,200,77),(262,20,10),(263,104,27),(264,55,57),(265,125,28),(266,58,27),(267,146,61),(268,35,5),(269,83,48),(270,88,62),(271,159,10),(272,4,43),(273,174,93),(274,119,93),(275,134,100),(276,73,84),(277,151,84),(278,116,24),(279,101,25),(280,81,43),(281,177,78),(282,199,93),(283,123,50),(284,132,49),(285,18,37),(286,76,62),(287,70,55),(288,3,52),(289,178,59),(290,69,84),(291,65,98),(292,142,87),(293,77,44),(294,96,18),(295,167,8),(296,106,72),(297,165,3),(298,194,35),(299,85,91),(300,149,30);
/*!40000 ALTER TABLE `actors_in_films` ENABLE KEYS */;
UNLOCK TABLES;

--
-- Temporary view structure for view `film_and_ators`
--

DROP TABLE IF EXISTS `film_and_ators`;
/*!50001 DROP VIEW IF EXISTS `film_and_ators`*/;
SET @saved_cs_client     = @@character_set_client;
/*!50503 SET character_set_client = utf8mb4 */;
/*!50001 CREATE VIEW `film_and_ators` AS SELECT 
 1 AS `last_name`,
 1 AS `film`*/;
SET character_set_client = @saved_cs_client;

--
-- Temporary view structure for view `film_and_avatar`
--

DROP TABLE IF EXISTS `film_and_avatar`;
/*!50001 DROP VIEW IF EXISTS `film_and_avatar`*/;
SET @saved_cs_client     = @@character_set_client;
/*!50503 SET character_set_client = utf8mb4 */;
/*!50001 CREATE VIEW `film_and_avatar` AS SELECT 
 1 AS `film_name`,
 1 AS `picture_of_film`*/;
SET character_set_client = @saved_cs_client;

--
-- Temporary view structure for view `film_and_picture`
--

DROP TABLE IF EXISTS `film_and_picture`;
/*!50001 DROP VIEW IF EXISTS `film_and_picture`*/;
SET @saved_cs_client     = @@character_set_client;
/*!50503 SET character_set_client = utf8mb4 */;
/*!50001 CREATE VIEW `film_and_picture` AS SELECT 
 1 AS `film_name`,
 1 AS `picture_of_film`*/;
SET character_set_client = @saved_cs_client;

--
-- Table structure for table `films`
--

DROP TABLE IF EXISTS `films`;
/*!40101 SET @saved_cs_client     = @@character_set_client */;
/*!50503 SET character_set_client = utf8mb4 */;
CREATE TABLE `films` (
  `id` int unsigned NOT NULL AUTO_INCREMENT COMMENT 'Идентификатор строки',
  `film_name` varchar(100) CHARACTER SET utf8mb4 COLLATE utf8mb4_unicode_ci NOT NULL COMMENT 'Название фильма',
  `avatar_id` int DEFAULT NULL COMMENT 'Cсылка на обложку в таблице media',
  `genre` enum('horror','family','comedy','drama','melodrama','thriller','cartoon','adventure') CHARACTER SET utf8mb4 COLLATE utf8mb4_unicode_ci NOT NULL COMMENT 'Жанр',
  `length_film` int unsigned NOT NULL COMMENT 'Длительность фильма',
  `film_country` varchar(100) CHARACTER SET utf8mb4 COLLATE utf8mb4_unicode_ci NOT NULL COMMENT 'Страна',
  `rating` int unsigned NOT NULL COMMENT 'Рейтинг фильма',
  `premiere_at` datetime DEFAULT NULL COMMENT 'Дата премьеры',
  PRIMARY KEY (`id`),
  UNIQUE KEY `avatar_id` (`avatar_id`)
) ENGINE=InnoDB AUTO_INCREMENT=101 DEFAULT CHARSET=utf8mb4 COLLATE=utf8mb4_unicode_ci COMMENT='Пользователи';
/*!40101 SET character_set_client = @saved_cs_client */;

--
-- Dumping data for table `films`
--

LOCK TABLES `films` WRITE;
/*!40000 ALTER TABLE `films` DISABLE KEYS */;
INSERT INTO `films` VALUES (1,'quo',92,'thriller',196,'Gabon',7,'2013-01-10 10:24:11'),(2,'sunt',62,'cartoon',136,'Mexico',9,'2015-12-21 14:18:35'),(3,'provident',94,'melodrama',212,'Tanzania',3,'2020-12-26 17:05:41'),(4,'nihil',39,'horror',232,'Sao Tome and Principe',10,'2020-04-22 02:12:10'),(5,'illum',50,'horror',107,'French Southern Territories',9,'2016-02-20 11:37:47'),(6,'corrupti',8,'cartoon',137,'Liechtenstein',9,'2020-11-21 02:15:50'),(7,'quaerat',93,'thriller',125,'South Georgia and the South Sandwich Islands',6,'2019-11-22 06:02:45'),(8,'illo',86,'thriller',156,'Hungary',10,'2015-06-30 13:01:52'),(9,'officiis',65,'adventure',164,'Antigua and Barbuda',3,'2020-01-17 17:18:21'),(10,'et',36,'family',114,'Myanmar',6,'2019-01-18 06:10:56'),(11,'harum',17,'family',197,'Mongolia',0,'2020-02-29 04:47:36'),(12,'dolorum',15,'thriller',222,'Turks and Caicos Islands',9,'2019-06-19 03:28:17'),(13,'rem',48,'horror',102,'Azerbaijan',6,'2018-11-02 03:12:47'),(14,'dolorem',40,'cartoon',143,'Comoros',5,'2020-03-24 14:54:50'),(15,'adipisci',12,'drama',171,'Benin',2,'2021-05-16 21:21:28'),(16,'cupiditate',85,'comedy',187,'San Marino',5,'2017-02-21 10:40:01'),(17,'velit',55,'horror',183,'British Virgin Islands',10,'2016-03-24 04:39:56'),(18,'eum',70,'family',111,'United Arab Emirates',3,'2019-07-12 01:49:39'),(19,'et',72,'comedy',130,'Suriname',2,'2017-08-15 22:25:13'),(20,'ut',95,'family',77,'Greenland',0,'2017-10-09 16:24:26'),(21,'veritatis',51,'drama',116,'Malaysia',1,'2020-11-25 13:06:28'),(22,'optio',98,'drama',107,'Senegal',9,'2021-05-04 01:14:43'),(23,'non',53,'cartoon',129,'Wallis and Futuna',0,'2014-11-06 16:39:46'),(24,'iste',24,'thriller',85,'Grenada',0,'2021-05-16 21:21:28'),(25,'ratione',45,'family',158,'Sudan',2,'2021-05-16 21:21:28'),(26,'et',10,'melodrama',115,'Gambia',4,'2020-04-20 23:03:55'),(27,'officia',9,'adventure',222,'Holy See (Vatican City State)',5,'2021-05-16 21:21:28'),(28,'sed',11,'adventure',166,'Myanmar',4,'2021-05-16 21:21:28'),(29,'vel',41,'drama',104,'Montenegro',9,'2019-12-21 18:20:11'),(30,'voluptatem',5,'drama',143,'Tanzania',7,'2019-04-27 01:06:05'),(31,'excepturi',2,'melodrama',165,'Bulgaria',2,'2021-05-16 21:21:28'),(32,'alias',25,'family',155,'Macao',8,'2016-03-08 19:42:59'),(33,'magnam',56,'family',222,'Bahrain',1,'2013-11-01 03:49:28'),(34,'fugit',68,'comedy',224,'Estonia',9,'2021-05-16 21:21:28'),(35,'ut',14,'cartoon',214,'France',8,'2021-05-16 21:21:28'),(36,'deleniti',7,'drama',159,'Nigeria',5,'2020-01-06 20:53:47'),(37,'iste',30,'thriller',94,'Nicaragua',4,'2021-05-16 21:21:28'),(38,'voluptatem',84,'comedy',114,'Palestinian Territory',9,'2016-08-16 05:29:35'),(39,'ea',75,'drama',229,'Denmark',4,'2021-05-16 21:21:28'),(40,'minus',100,'thriller',201,'Montenegro',10,'2017-07-18 01:51:06'),(41,'architecto',49,'thriller',79,'Hungary',2,'2020-03-05 03:41:01'),(42,'voluptatem',81,'adventure',93,'Ukraine',4,'2012-11-01 11:51:37'),(43,'quae',43,'thriller',170,'Samoa',10,'2018-08-30 20:03:50'),(44,'nam',47,'cartoon',152,'Spain',6,'2021-05-16 21:21:28'),(45,'et',3,'thriller',188,'Trinidad and Tobago',6,'2014-09-22 05:08:15'),(46,'omnis',58,'comedy',64,'Senegal',4,'2013-05-31 16:21:50'),(47,'harum',32,'thriller',236,'Peru',5,'2013-12-27 19:19:38'),(48,'quis',26,'horror',210,'Kiribati',5,'2021-05-16 21:21:28'),(49,'reprehenderit',42,'family',103,'Jersey',4,'2021-05-09 23:41:59'),(50,'facilis',46,'melodrama',186,'Palestinian Territory',5,'2021-05-16 21:21:28'),(51,'iusto',18,'comedy',199,'New Caledonia',6,'2016-10-13 18:46:51'),(52,'velit',44,'family',201,'Chile',10,'2021-05-16 21:21:28'),(53,'aut',67,'melodrama',165,'Oman',3,'2021-05-16 21:21:28'),(54,'blanditiis',64,'melodrama',163,'Sao Tome and Principe',9,'2017-02-17 02:10:30'),(55,'error',91,'melodrama',83,'Malawi',0,'2014-07-08 18:24:25'),(56,'sit',97,'cartoon',224,'Yemen',8,'2016-11-29 06:40:19'),(57,'accusantium',21,'drama',91,'Guatemala',6,'2013-03-25 05:46:22'),(58,'in',19,'cartoon',83,'Bolivia',6,'2020-12-02 07:48:50'),(59,'occaecati',38,'family',82,'Heard Island and McDonald Islands',7,'2018-11-10 04:44:55'),(60,'deserunt',73,'thriller',100,'Solomon Islands',4,'2016-05-03 22:34:32'),(61,'ducimus',20,'horror',198,'Papua New Guinea',3,'2021-05-16 21:21:28'),(62,'iusto',71,'horror',90,'Bahamas',3,'2021-05-16 21:21:28'),(63,'placeat',34,'horror',156,'Barbados',9,'2016-11-21 11:23:54'),(64,'fugit',35,'cartoon',91,'Haiti',9,'2017-11-25 01:30:00'),(65,'omnis',87,'comedy',108,'Niger',6,'2021-01-07 06:31:42'),(66,'similique',61,'cartoon',205,'Aruba',0,'2011-05-30 18:36:36'),(67,'laboriosam',60,'family',104,'Indonesia',2,'2012-01-15 03:54:39'),(68,'est',79,'thriller',204,'Costa Rica',2,'2015-02-18 08:52:28'),(69,'incidunt',13,'comedy',110,'Niue',6,'2021-05-16 21:21:28'),(70,'aliquam',89,'drama',237,'Venezuela',9,'2021-03-20 03:07:04'),(71,'et',63,'comedy',76,'Spain',0,'2012-04-01 10:34:07'),(72,'sint',66,'drama',151,'Dominican Republic',7,'2020-07-21 04:22:30'),(73,'qui',80,'family',108,'Maldives',7,'2021-05-16 21:21:28'),(74,'tempore',77,'melodrama',205,'Congo',2,'2021-05-16 21:21:28'),(75,'velit',69,'drama',103,'Ghana',1,'2021-05-16 21:21:28'),(76,'pariatur',27,'comedy',198,'Macedonia',7,'2021-05-16 21:21:28'),(77,'est',76,'horror',85,'Heard Island and McDonald Islands',1,'2021-05-16 21:21:28'),(78,'quia',74,'horror',130,'Uruguay',3,'2011-07-13 22:40:34'),(79,'enim',4,'thriller',158,'Serbia',10,'2015-03-16 14:34:00'),(80,'ratione',88,'thriller',157,'Macao',1,'2021-05-16 21:21:28'),(81,'voluptate',6,'thriller',74,'Paraguay',1,'2016-04-16 10:08:59'),(82,'voluptatem',90,'melodrama',200,'Serbia',7,'2012-03-23 14:12:04'),(83,'repudiandae',16,'comedy',179,'Panama',0,'2012-09-30 16:45:22'),(84,'ullam',99,'drama',236,'Israel',9,'2020-02-08 08:43:00'),(85,'aliquam',52,'cartoon',222,'United Arab Emirates',1,'2016-05-09 03:18:23'),(86,'aut',33,'drama',164,'Azerbaijan',3,'2015-12-07 04:38:41'),(87,'excepturi',59,'thriller',92,'Liechtenstein',2,'2016-07-24 20:25:17'),(88,'culpa',31,'adventure',91,'Vanuatu',2,'2020-05-21 00:20:54'),(89,'ut',28,'melodrama',117,'Peru',9,'2015-02-07 17:49:26'),(90,'consequatur',57,'family',74,'Indonesia',6,'2014-04-30 15:57:35'),(91,'aut',83,'cartoon',140,'Saint Vincent and the Grenadines',9,'2021-05-16 21:21:28'),(92,'commodi',54,'comedy',237,'Andorra',10,'2019-10-03 20:50:57'),(93,'architecto',23,'thriller',166,'Palestinian Territory',5,'2016-04-07 21:31:22'),(94,'et',29,'comedy',61,'Azerbaijan',7,'2020-09-20 13:58:26'),(95,'quidem',78,'melodrama',107,'Dominica',1,'2021-01-16 19:32:20'),(96,'quia',37,'cartoon',110,'Kiribati',9,'2017-09-24 14:53:38'),(97,'rerum',22,'adventure',173,'Solomon Islands',6,'2017-09-19 07:16:54'),(98,'pariatur',82,'melodrama',113,'Bangladesh',6,'2021-05-16 21:21:28'),(99,'fuga',1,'drama',169,'Anguilla',3,'2016-11-05 06:18:54'),(100,'molestias',96,'adventure',83,'Cameroon',9,'2021-05-16 21:21:28');
/*!40000 ALTER TABLE `films` ENABLE KEYS */;
UNLOCK TABLES;

--
-- Table structure for table `friendship`
--

DROP TABLE IF EXISTS `friendship`;
/*!40101 SET @saved_cs_client     = @@character_set_client */;
/*!50503 SET character_set_client = utf8mb4 */;
CREATE TABLE `friendship` (
  `id` int unsigned NOT NULL AUTO_INCREMENT COMMENT '╨Ш╨┤╨╡╨╜╤В╨╕╤Д╨╕╨║╨░╤В╨╛╤А ╤Б╤В╤А╨╛╨║╨╕',
  `user_id` int unsigned NOT NULL COMMENT '╨б╤Б╤Л╨╗╨║╨░ ╨╜╨░ ╨╕╨╜╨╕╤Ж╨╕╨░╤В╨╛╤А╨░ ╨┤╤А╤Г╨╢╨╡╤Б╨║╨╕╤Е ╨╛╤В╨╜╨╛╤И╨╡╨╜╨╕╨╣',
  `friend_id` int unsigned NOT NULL COMMENT '╨б╤Б╤Л╨╗╨║╨░ ╨╜╨░ ╨┐╨╛╨╗╤Г╤З╨░╤В╨╡╨╗╤П ╨┐╤А╨╕╨│╨╗╨░╤И╨╡╨╜╨╕╤П ╨┤╤А╤Г╨╢╨╕╤В╤М',
  `confirmed_at` datetime DEFAULT NULL COMMENT '╨Ф╨░╤В╨░ ╨┐╨╛╨┤╤В╨▓╨╡╤А╨╢╨┤╨╡╨╜╨╕╤П ╨┐╤А╨╕╨│╨╗╨░╤И╨╡╨╜╨╕╤П',
  PRIMARY KEY (`id`),
  KEY `friendship_from_users_id_fk` (`user_id`),
  KEY `user_from_friendship_id_fk` (`friend_id`),
  CONSTRAINT `friendship_from_users_id_fk` FOREIGN KEY (`user_id`) REFERENCES `users` (`id`),
  CONSTRAINT `user_from_friendship_id_fk` FOREIGN KEY (`friend_id`) REFERENCES `users` (`id`)
) ENGINE=InnoDB AUTO_INCREMENT=201 DEFAULT CHARSET=utf8mb4 COLLATE=utf8mb4_unicode_ci COMMENT='╨в╨░╨▒╨╗╨╕╤Ж╨░ ╨┤╤А╤Г╨╢╨▒╤Л';
/*!40101 SET character_set_client = @saved_cs_client */;

--
-- Dumping data for table `friendship`
--

LOCK TABLES `friendship` WRITE;
/*!40000 ALTER TABLE `friendship` DISABLE KEYS */;
INSERT INTO `friendship` VALUES (1,61,49,'2019-09-01 02:17:49'),(2,5,100,'2021-05-16 17:47:55'),(3,29,86,'2021-05-16 17:47:55'),(4,87,26,'2019-10-08 17:08:40'),(5,95,38,'2016-10-14 07:36:13'),(6,88,76,'2021-05-16 17:47:55'),(7,48,92,'2021-05-16 17:47:55'),(8,44,53,'2021-05-16 17:47:55'),(9,11,62,'2021-05-16 17:47:55'),(10,6,99,'2021-05-16 17:47:55'),(11,63,51,'2021-05-16 17:47:55'),(12,90,39,'2021-05-16 17:47:55'),(13,72,24,'2021-05-16 17:47:55'),(14,90,31,'2019-10-08 02:34:02'),(15,77,84,'2021-05-16 17:47:55'),(16,88,12,'2021-05-16 17:47:55'),(17,64,82,'2021-05-16 17:47:55'),(18,39,65,'2018-08-02 06:10:48'),(19,64,86,'2021-05-16 17:47:55'),(20,52,5,'2021-05-16 17:47:55'),(21,89,57,'2021-05-16 17:47:55'),(22,75,9,'2021-05-16 17:47:55'),(23,23,18,'2021-05-16 17:47:55'),(24,79,7,'2019-08-15 09:13:12'),(25,48,98,'2021-05-16 17:47:55'),(26,21,14,'2021-05-16 17:47:55'),(27,59,98,'2020-02-23 20:32:53'),(28,46,24,'2017-05-15 17:37:52'),(29,45,34,'2015-09-24 17:59:44'),(30,10,42,'2014-08-16 21:20:35'),(31,27,45,'2014-10-28 19:02:39'),(32,10,52,'2018-11-02 04:39:11'),(33,90,58,'2021-05-16 17:47:55'),(34,44,3,'2021-05-16 17:47:55'),(35,65,22,'2019-12-02 04:46:08'),(36,72,30,'2012-12-14 22:47:40'),(37,25,41,'2019-10-16 22:54:41'),(38,44,62,'2021-05-16 17:47:55'),(39,61,15,'2018-05-28 06:51:30'),(40,16,100,'2012-12-12 03:47:19'),(41,83,15,'2014-07-13 21:31:23'),(42,79,5,'2020-08-16 16:11:23'),(43,60,63,'2021-05-16 17:47:55'),(44,16,49,'2016-02-10 14:42:28'),(45,71,5,'2017-09-03 19:31:45'),(46,89,85,'2021-05-16 17:47:55'),(47,27,90,'2013-08-31 23:12:14'),(48,32,2,'2018-11-27 00:42:43'),(49,78,93,'2021-05-16 17:47:55'),(50,85,36,'2018-09-22 16:27:35'),(51,38,58,'2015-09-30 02:39:44'),(52,20,76,'2021-05-16 17:47:55'),(53,40,56,'2021-05-16 17:47:55'),(54,2,20,'2021-05-16 17:47:55'),(55,77,29,'2019-12-11 00:58:59'),(56,76,64,'2021-05-16 17:47:55'),(57,40,68,'2021-05-16 17:47:55'),(58,80,44,'2018-05-15 05:52:48'),(59,64,45,'2020-05-24 14:36:07'),(60,33,39,'2021-05-16 17:47:55'),(61,74,65,'2021-05-16 17:47:55'),(62,53,57,'2021-05-16 17:47:55'),(63,54,74,'2021-05-16 17:47:55'),(64,4,23,'2021-05-16 17:47:55'),(65,96,80,'2021-05-16 17:47:55'),(66,75,24,'2021-05-16 17:47:55'),(67,81,53,'2021-05-16 17:47:55'),(68,92,52,'2021-05-16 17:47:55'),(69,67,75,'2021-05-16 17:47:55'),(70,51,45,'2019-12-13 13:06:46'),(71,71,22,'2018-12-01 00:07:54'),(72,50,59,'2018-04-03 10:29:18'),(73,40,82,'2021-05-16 17:47:55'),(74,54,73,'2020-04-12 18:56:54'),(75,20,40,'2021-05-16 17:47:55'),(76,91,34,'2021-05-16 17:47:55'),(77,51,71,'2016-07-09 02:52:49'),(78,32,44,'2016-09-14 14:49:12'),(79,97,47,'2021-05-16 17:47:55'),(80,43,91,'2014-09-06 00:33:31'),(81,47,48,'2021-05-16 17:47:55'),(82,10,96,'2021-05-16 17:47:55'),(83,92,38,'2019-09-18 04:57:31'),(84,31,17,'2021-05-16 17:47:55'),(85,2,99,'2020-12-08 22:19:33'),(86,66,23,'2021-05-16 17:47:55'),(87,8,87,'2021-05-16 17:47:55'),(88,12,43,'2021-01-07 06:41:41'),(89,10,80,'2018-10-02 11:30:31'),(90,32,7,'2019-12-18 12:28:57'),(91,87,90,'2016-10-29 10:10:49'),(92,74,79,'2019-07-02 22:44:23'),(93,86,24,'2020-06-04 16:55:49'),(94,58,84,'2021-05-16 17:47:55'),(95,11,44,'2021-05-16 17:47:55'),(96,73,22,'2016-11-22 00:06:00'),(97,81,52,'2021-05-16 17:47:55'),(98,45,70,'2021-02-12 09:26:19'),(99,93,76,'2021-05-16 17:47:55'),(100,13,66,'2016-05-09 08:46:25'),(101,64,73,'2021-05-16 17:47:55'),(102,90,64,'2018-06-25 03:00:29'),(103,60,75,'2021-05-16 17:47:55'),(104,12,48,'2016-01-15 02:49:08'),(105,12,72,'2021-05-16 17:47:55'),(106,63,16,'2018-10-28 16:23:06'),(107,17,35,'2021-05-16 17:47:55'),(108,3,93,'2021-05-16 17:47:55'),(109,13,73,'2013-02-25 13:17:43'),(110,15,35,'2021-05-16 17:47:55'),(111,99,17,'2021-05-16 17:47:55'),(112,94,67,'2021-05-16 17:47:55'),(113,34,36,'2021-05-16 17:47:55'),(114,1,24,'2019-08-18 14:19:40'),(115,88,61,'2021-05-16 17:47:55'),(116,35,48,'2020-02-24 11:31:47'),(117,8,94,'2021-05-16 17:47:55'),(118,89,70,'2021-05-16 17:47:55'),(119,50,68,'2018-12-20 21:41:09'),(120,55,45,'2016-03-08 01:10:04'),(121,96,69,'2020-06-16 05:23:03'),(122,66,90,'2021-05-16 17:47:55'),(123,95,44,'2021-05-16 17:47:55'),(124,47,42,'2021-05-16 17:47:55'),(125,85,18,'2016-12-25 03:03:28'),(126,33,58,'2020-02-09 10:45:28'),(127,54,93,'2018-11-08 09:38:00'),(128,62,71,'2017-03-24 19:44:10'),(129,6,52,'2021-05-16 17:47:55'),(130,53,22,'2021-05-16 17:47:55'),(131,92,65,'2021-05-16 17:47:55'),(132,30,14,'2014-09-29 14:43:03'),(133,83,11,'2020-06-17 11:19:17'),(134,75,76,'2021-05-16 17:47:55'),(135,60,53,'2021-05-16 17:47:55'),(136,75,39,'2021-05-16 17:47:55'),(137,85,26,'2016-04-27 03:13:36'),(138,60,39,'2021-05-16 17:47:55'),(139,77,26,'2021-05-16 17:47:55'),(140,19,92,'2011-11-20 10:43:41'),(141,4,66,'2021-05-16 17:47:55'),(142,53,14,'2021-05-16 17:47:55'),(143,87,60,'2014-07-29 15:59:22'),(144,70,19,'2015-12-30 07:25:32'),(145,34,79,'2015-06-23 10:04:24'),(146,97,56,'2021-05-16 17:47:55'),(147,51,24,'2021-05-16 17:47:55'),(148,58,2,'2021-05-16 17:47:55'),(149,75,83,'2021-05-16 17:47:55'),(150,40,31,'2021-05-16 17:47:55'),(151,98,79,'2021-05-16 17:47:55'),(152,87,82,'2021-05-16 17:47:55'),(153,17,34,'2021-05-16 17:47:55'),(154,15,26,'2018-11-23 02:47:32'),(155,3,12,'2021-02-27 18:23:29'),(156,17,52,'2021-04-29 15:55:57'),(157,18,56,'2017-05-30 15:48:30'),(158,66,7,'2021-05-16 17:47:55'),(159,85,89,'2016-04-05 01:57:20'),(160,48,96,'2021-05-16 17:47:55'),(161,8,56,'2020-08-24 02:53:23'),(162,49,63,'2021-05-16 17:47:55'),(163,26,44,'2014-02-16 01:52:50'),(164,10,65,'2013-06-03 22:25:04'),(165,40,31,'2021-05-16 17:47:55'),(166,79,96,'2018-11-04 13:46:17'),(167,96,50,'2021-05-16 17:47:55'),(168,15,13,'2021-05-16 17:47:55'),(169,49,97,'2021-05-16 17:47:55'),(170,18,71,'2020-03-14 14:47:56'),(171,5,95,'2021-05-16 17:47:55'),(172,79,23,'2021-05-16 17:47:55'),(173,14,70,'2021-05-16 17:47:55'),(174,1,72,'2021-05-16 17:47:55'),(175,3,67,'2021-05-16 17:47:55'),(176,90,58,'2021-05-16 17:47:55'),(177,13,28,'2019-08-29 10:28:23'),(178,13,68,'2020-12-07 08:41:22'),(179,7,48,'2021-05-16 17:47:55'),(180,36,67,'2021-05-16 17:47:55'),(181,59,37,'2020-11-17 02:59:20'),(182,68,81,'2021-05-16 17:47:55'),(183,98,87,'2021-05-16 17:47:55'),(184,46,34,'2021-05-16 17:47:55'),(185,16,73,'2016-02-24 05:23:03'),(186,51,3,'2018-01-05 18:02:28'),(187,58,56,'2021-05-16 17:47:55'),(188,85,68,'2021-05-16 17:47:55'),(189,58,7,'2021-05-16 17:47:55'),(190,44,92,'2021-05-16 17:47:55'),(191,64,92,'2020-04-01 22:57:24'),(192,82,26,'2018-06-03 20:22:39'),(193,40,23,'2021-05-16 17:47:55'),(194,82,90,'2017-08-19 12:19:40'),(195,57,96,'2021-05-16 17:47:55'),(196,48,45,'2021-05-16 17:47:55'),(197,80,44,'2021-05-16 17:47:55'),(198,34,47,'2015-01-27 02:00:32'),(199,7,35,'2021-05-16 17:47:55'),(200,72,2,'2014-10-30 22:19:02');
/*!40000 ALTER TABLE `friendship` ENABLE KEYS */;
UNLOCK TABLES;

--
-- Table structure for table `likes`
--

DROP TABLE IF EXISTS `likes`;
/*!40101 SET @saved_cs_client     = @@character_set_client */;
/*!50503 SET character_set_client = utf8mb4 */;
CREATE TABLE `likes` (
  `id` int unsigned NOT NULL AUTO_INCREMENT,
  `user_id` int unsigned NOT NULL COMMENT '╨Ю╤В╨┐╤А╨░╨▓╨╕╤В╨╡╨╗╤М ╨╗╨░╨╣╨║╨░',
  `target_id` int unsigned NOT NULL COMMENT '╨д╨╕╨╗╤М╨╝-╨┐╨╛╨╗╤Г╤З╨░╤В╨╡╨╗╤М ╨╗╨░╨╣╨║╨░',
  PRIMARY KEY (`id`),
  KEY `like_from_users_id_fk` (`user_id`),
  KEY `film_from_like_id_fk` (`target_id`),
  CONSTRAINT `film_from_like_id_fk` FOREIGN KEY (`target_id`) REFERENCES `films` (`id`) ON DELETE CASCADE,
  CONSTRAINT `like_from_users_id_fk` FOREIGN KEY (`user_id`) REFERENCES `users` (`id`) ON DELETE CASCADE
) ENGINE=InnoDB AUTO_INCREMENT=301 DEFAULT CHARSET=utf8mb4 COLLATE=utf8mb4_unicode_ci COMMENT='╨Ы╨░╨╣╨║╨╕';
/*!40101 SET character_set_client = @saved_cs_client */;

--
-- Dumping data for table `likes`
--

LOCK TABLES `likes` WRITE;
/*!40000 ALTER TABLE `likes` DISABLE KEYS */;
INSERT INTO `likes` VALUES (1,15,24),(2,64,39),(3,95,21),(4,78,44),(5,49,14),(6,75,82),(7,2,60),(8,67,79),(9,3,22),(10,20,3),(11,87,98),(12,52,24),(13,33,29),(14,89,95),(15,81,56),(16,36,59),(17,34,66),(18,91,72),(19,79,89),(20,22,16),(21,42,36),(22,49,72),(23,53,14),(24,21,79),(25,91,96),(26,97,39),(27,11,71),(28,99,38),(29,75,40),(30,29,74),(31,52,55),(32,61,32),(33,52,56),(34,78,7),(35,6,33),(36,21,18),(37,3,73),(38,90,3),(39,42,64),(40,9,80),(41,75,64),(42,19,17),(43,28,35),(44,98,71),(45,72,68),(46,57,53),(47,8,13),(48,75,53),(49,58,64),(50,81,53),(51,39,80),(52,71,64),(53,35,85),(54,19,9),(55,9,21),(56,4,71),(57,6,22),(58,34,56),(59,6,64),(60,75,20),(61,91,99),(62,13,47),(63,82,26),(64,94,12),(65,27,19),(66,96,84),(67,3,42),(68,83,9),(69,65,37),(70,66,21),(71,90,86),(72,62,5),(73,72,95),(74,79,59),(75,75,60),(76,4,98),(77,70,31),(78,69,26),(79,28,55),(80,45,48),(81,89,50),(82,69,76),(83,30,31),(84,36,84),(85,12,43),(86,10,56),(87,46,30),(88,61,86),(89,23,4),(90,46,32),(91,56,60),(92,2,21),(93,50,65),(94,7,98),(95,69,53),(96,91,19),(97,40,14),(98,59,27),(99,46,31),(100,39,60),(101,8,44),(102,62,29),(103,52,37),(104,58,85),(105,26,90),(106,24,84),(107,85,56),(108,50,37),(109,88,64),(110,31,22),(111,65,93),(112,92,86),(113,78,75),(114,3,34),(115,87,65),(116,94,93),(117,17,16),(118,38,90),(119,62,19),(120,55,65),(121,59,26),(122,15,74),(123,63,43),(124,3,15),(125,51,29),(126,76,45),(127,62,94),(128,30,10),(129,53,37),(130,40,11),(131,34,97),(132,45,43),(133,85,69),(134,82,68),(135,48,22),(136,33,98),(137,12,34),(138,83,52),(139,89,96),(140,30,73),(141,79,90),(142,36,34),(143,8,36),(144,45,33),(145,96,60),(146,35,25),(147,54,32),(148,86,21),(149,66,53),(150,67,30),(151,19,20),(152,79,16),(153,59,92),(154,32,6),(155,22,79),(156,38,63),(157,1,57),(158,99,30),(159,62,78),(160,51,13),(161,48,91),(162,4,29),(163,48,41),(164,53,85),(165,86,13),(166,49,14),(167,73,34),(168,90,97),(169,8,51),(170,30,78),(171,37,49),(172,82,80),(173,81,83),(174,11,84),(175,21,63),(176,26,91),(177,85,6),(178,18,4),(179,71,66),(180,95,55),(181,12,57),(182,48,53),(183,65,25),(184,14,65),(185,57,49),(186,24,74),(187,98,21),(188,41,68),(189,96,32),(190,51,50),(191,80,33),(192,2,1),(193,77,44),(194,19,71),(195,83,55),(196,43,99),(197,44,85),(198,12,19),(199,37,15),(200,38,97),(201,1,38),(202,67,86),(203,85,44),(204,15,82),(205,99,65),(206,68,48),(207,42,6),(208,61,12),(209,16,21),(210,41,71),(211,67,66),(212,60,17),(213,64,45),(214,91,82),(215,37,27),(216,83,47),(217,83,36),(218,59,64),(219,55,1),(220,25,74),(221,31,44),(222,55,69),(223,97,100),(224,86,62),(225,77,80),(226,90,32),(227,81,41),(228,92,26),(229,25,11),(230,3,31),(231,5,13),(232,13,99),(233,93,48),(234,42,51),(235,89,28),(236,3,48),(237,44,92),(238,84,83),(239,51,99),(240,89,14),(241,47,65),(242,54,83),(243,51,94),(244,81,79),(245,37,50),(246,30,54),(247,48,45),(248,99,97),(249,83,72),(250,66,99),(251,84,48),(252,100,14),(253,19,7),(254,89,27),(255,34,90),(256,96,3),(257,13,17),(258,95,96),(259,86,39),(260,6,7),(261,91,77),(262,59,71),(263,22,44),(264,21,10),(265,82,18),(266,94,17),(267,88,90),(268,12,15),(269,16,69),(270,57,15),(271,34,69),(272,13,11),(273,37,11),(274,48,33),(275,4,44),(276,69,39),(277,85,3),(278,7,6),(279,38,31),(280,52,76),(281,89,17),(282,64,56),(283,3,63),(284,27,18),(285,22,41),(286,1,82),(287,82,15),(288,43,50),(289,7,79),(290,9,29),(291,13,80),(292,18,87),(293,89,34),(294,87,73),(295,1,34),(296,28,49),(297,84,54),(298,48,88),(299,32,39),(300,17,86);
/*!40000 ALTER TABLE `likes` ENABLE KEYS */;
UNLOCK TABLES;

--
-- Table structure for table `media_actors`
--

DROP TABLE IF EXISTS `media_actors`;
/*!40101 SET @saved_cs_client     = @@character_set_client */;
/*!50503 SET character_set_client = utf8mb4 */;
CREATE TABLE `media_actors` (
  `id` int unsigned NOT NULL AUTO_INCREMENT COMMENT '╨Ш╨┤╨╡╨╜╤В╨╕╤Д╨╕╨║╨░╤В╨╛╤А ╤Б╤В╤А╨╛╨║╨╕',
  `target_id` int DEFAULT NULL COMMENT '╨б╤Б╤Л╨╗╨║╨░ ╨╜╨░ ╨░╨║╤В╨╡╤А╨░',
  `filename` varchar(255) CHARACTER SET utf8mb4 COLLATE utf8mb4_unicode_ci NOT NULL COMMENT '╨Э╨░╨╖╨▓╨░╨╜╨╕╨╡ ╤Д╨░╨╣╨╗╨░',
  `media_type` enum('jpeg','png') CHARACTER SET utf8mb4 COLLATE utf8mb4_unicode_ci DEFAULT NULL COMMENT '╨Э╨░╨╖╨▓╨░╨╜╨╕╨╡ ╤В╨╕╨┐╨░',
  `size` int NOT NULL COMMENT '╨а╨░╨╖╨╝╨╡╤А ╤Д╨░╨╣╨╗╨░',
  PRIMARY KEY (`id`),
  UNIQUE KEY `target_id` (`target_id`),
  CONSTRAINT `actors_from_media_actors_id_fk` FOREIGN KEY (`target_id`) REFERENCES `actors` (`avatar_id`) ON DELETE CASCADE
) ENGINE=InnoDB AUTO_INCREMENT=201 DEFAULT CHARSET=utf8mb4 COLLATE=utf8mb4_unicode_ci COMMENT='╨д╨╛╤В╨╛ ╨░╨║╤В╨╡╤А╨╛╨▓';
/*!40101 SET character_set_client = @saved_cs_client */;

--
-- Dumping data for table `media_actors`
--

LOCK TABLES `media_actors` WRITE;
/*!40000 ALTER TABLE `media_actors` DISABLE KEYS */;
INSERT INTO `media_actors` VALUES (1,63,'eos','jpeg',976),(2,36,'et','png',40),(3,94,'est','jpeg',559),(4,189,'et','jpeg',199),(5,89,'aut','png',225),(6,177,'nihil','png',546),(7,71,'corporis','png',739),(8,143,'adipisci','png',112),(9,57,'eum','jpeg',981),(10,8,'corporis','png',909),(11,148,'ipsa','png',838),(12,43,'harum','png',681),(13,162,'cumque','jpeg',620),(14,74,'odit','png',352),(15,1,'sed','jpeg',286),(16,82,'omnis','png',247),(17,114,'est','png',747),(18,183,'et','jpeg',185),(19,176,'hic','jpeg',205),(20,186,'unde','png',876),(21,3,'id','jpeg',861),(22,132,'voluptatem','png',770),(23,88,'voluptates','png',596),(24,134,'corrupti','png',241),(25,147,'sit','png',868),(26,16,'dicta','jpeg',722),(27,182,'sed','jpeg',14),(28,26,'impedit','jpeg',834),(29,30,'cum','jpeg',860),(30,56,'aliquid','jpeg',506),(31,142,'est','png',617),(32,75,'quam','png',604),(33,107,'vel','jpeg',724),(34,64,'explicabo','jpeg',940),(35,40,'maxime','png',929),(36,29,'id','png',257),(37,34,'sit','png',859),(38,192,'optio','png',51),(39,9,'voluptatibus','png',717),(40,27,'placeat','jpeg',727),(41,185,'enim','jpeg',18),(42,13,'cupiditate','png',299),(43,47,'blanditiis','png',503),(44,52,'earum','png',638),(45,116,'vel','png',872),(46,126,'voluptatem','jpeg',182),(47,190,'molestiae','jpeg',499),(48,66,'occaecati','jpeg',114),(49,194,'quaerat','png',365),(50,196,'veniam','png',105),(51,44,'optio','jpeg',239),(52,45,'illum','jpeg',815),(53,161,'quas','png',274),(54,159,'ipsa','jpeg',245),(55,157,'saepe','jpeg',543),(56,108,'occaecati','jpeg',51),(57,31,'accusamus','png',130),(58,100,'quisquam','jpeg',191),(59,10,'et','png',885),(60,87,'ab','png',674),(61,68,'et','png',793),(62,20,'saepe','jpeg',919),(63,149,'quis','png',555),(64,109,'ducimus','png',2),(65,84,'et','png',383),(66,165,'vel','jpeg',80),(67,104,'qui','png',291),(68,11,'alias','jpeg',231),(69,49,'dignissimos','png',346),(70,133,'consequuntur','png',168),(71,91,'sed','jpeg',870),(72,42,'nihil','jpeg',928),(73,77,'sunt','jpeg',616),(74,103,'voluptas','png',244),(75,128,'quas','png',727),(76,61,'numquam','jpeg',467),(77,48,'deleniti','jpeg',676),(78,33,'non','jpeg',488),(79,95,'commodi','png',330),(80,154,'harum','jpeg',264),(81,191,'neque','png',930),(82,12,'et','jpeg',168),(83,7,'asperiores','jpeg',209),(84,180,'eveniet','png',32),(85,172,'sunt','jpeg',520),(86,86,'autem','jpeg',948),(87,158,'consequatur','jpeg',318),(88,144,'ut','png',866),(89,79,'itaque','png',497),(90,146,'tempora','png',327),(91,72,'amet','jpeg',555),(92,117,'qui','jpeg',788),(93,41,'architecto','jpeg',657),(94,18,'optio','png',921),(95,200,'repudiandae','jpeg',484),(96,175,'rerum','png',566),(97,67,'molestiae','png',32),(98,125,'et','png',794),(99,111,'accusantium','jpeg',565),(100,39,'repellat','png',88),(101,155,'vero','jpeg',178),(102,78,'et','jpeg',160),(103,55,'facere','png',504),(104,174,'deleniti','jpeg',850),(105,171,'pariatur','png',316),(106,105,'labore','png',669),(107,15,'nisi','jpeg',576),(108,156,'possimus','png',517),(109,112,'et','png',98),(110,99,'consequuntur','jpeg',908),(111,169,'quos','png',540),(112,129,'ut','jpeg',886),(113,101,'accusantium','png',770),(114,92,'quis','jpeg',521),(115,118,'praesentium','jpeg',618),(116,167,'aut','jpeg',803),(117,51,'amet','png',96),(118,138,'quo','png',310),(119,37,'nobis','png',507),(120,110,'velit','png',7),(121,135,'voluptates','jpeg',294),(122,140,'quis','jpeg',492),(123,83,'temporibus','jpeg',21),(124,179,'ratione','png',164),(125,122,'dicta','png',209),(126,60,'sint','png',152),(127,90,'sequi','png',179),(128,137,'et','png',997),(129,188,'qui','jpeg',427),(130,81,'pariatur','jpeg',426),(131,76,'vel','jpeg',612),(132,168,'provident','jpeg',806),(133,93,'amet','png',50),(134,187,'labore','png',678),(135,178,'quas','png',310),(136,35,'quos','jpeg',142),(137,4,'non','jpeg',123),(138,124,'aut','png',179),(139,145,'et','jpeg',615),(140,160,'aliquid','jpeg',863),(141,113,'deserunt','png',788),(142,17,'nihil','jpeg',375),(143,136,'voluptatibus','jpeg',628),(144,46,'iusto','png',437),(145,5,'quam','png',139),(146,127,'autem','png',538),(147,23,'natus','jpeg',445),(148,141,'dolore','jpeg',526),(149,123,'ipsam','png',301),(150,6,'reiciendis','png',436),(151,119,'omnis','png',931),(152,14,'laudantium','jpeg',661),(153,120,'aut','jpeg',421),(154,170,'voluptatem','png',875),(155,115,'et','png',717),(156,98,'nobis','png',725),(157,73,'qui','jpeg',720),(158,70,'qui','png',486),(159,32,'omnis','jpeg',846),(160,197,'deleniti','jpeg',471),(161,131,'iure','jpeg',403),(162,151,'dolorem','jpeg',67),(163,21,'accusamus','jpeg',369),(164,163,'sequi','jpeg',743),(165,173,'omnis','jpeg',251),(166,62,'deserunt','png',122),(167,69,'inventore','jpeg',170),(168,24,'laudantium','png',615),(169,139,'sunt','png',446),(170,121,'ut','png',421),(171,2,'aut','jpeg',592),(172,53,'dolores','jpeg',330),(173,150,'modi','jpeg',160),(174,181,'dignissimos','png',343),(175,85,'voluptas','png',999),(176,58,'dolores','png',750),(177,38,'voluptas','jpeg',734),(178,106,'tenetur','jpeg',520),(179,166,'et','jpeg',19),(180,80,'sed','png',66),(181,50,'ex','png',66),(182,195,'eos','jpeg',266),(183,130,'corrupti','png',881),(184,193,'deserunt','png',387),(185,22,'quia','jpeg',198),(186,198,'tempore','jpeg',159),(187,28,'voluptas','png',787),(188,199,'debitis','jpeg',762),(189,54,'dignissimos','jpeg',156),(190,65,'sit','jpeg',93),(191,153,'commodi','jpeg',759),(192,19,'aut','png',971),(193,152,'consequatur','png',24),(194,96,'quos','jpeg',186),(195,184,'voluptatibus','png',497),(196,164,'qui','png',209),(197,25,'dignissimos','png',914),(198,59,'est','png',655),(199,97,'omnis','jpeg',274),(200,102,'repellendus','png',305);
/*!40000 ALTER TABLE `media_actors` ENABLE KEYS */;
UNLOCK TABLES;

--
-- Table structure for table `media_films`
--

DROP TABLE IF EXISTS `media_films`;
/*!40101 SET @saved_cs_client     = @@character_set_client */;
/*!50503 SET character_set_client = utf8mb4 */;
CREATE TABLE `media_films` (
  `id` int unsigned NOT NULL AUTO_INCREMENT COMMENT '╨Ш╨┤╨╡╨╜╤В╨╕╤Д╨╕╨║╨░╤В╨╛╤А ╤Б╤В╤А╨╛╨║╨╕',
  `target_id` int DEFAULT NULL COMMENT '╨б╤Б╤Л╨╗╨║╨░ ╨╜╨░ ╤Д╨╕╨╗╤М╨╝',
  `filename` varchar(255) CHARACTER SET utf8mb4 COLLATE utf8mb4_unicode_ci NOT NULL COMMENT '╨Э╨░╨╖╨▓╨░╨╜╨╕╨╡ ╤Д╨░╨╣╨╗╨░',
  `media_type` enum('jpeg','png') CHARACTER SET utf8mb4 COLLATE utf8mb4_unicode_ci DEFAULT NULL COMMENT '╨Э╨░╨╖╨▓╨░╨╜╨╕╨╡ ╤В╨╕╨┐╨░',
  `size` int NOT NULL COMMENT '╨а╨░╨╖╨╝╨╡╤А ╤Д╨░╨╣╨╗╨░',
  PRIMARY KEY (`id`),
  UNIQUE KEY `target_id` (`target_id`),
  CONSTRAINT `films_from_media_films_id_fk` FOREIGN KEY (`target_id`) REFERENCES `films` (`avatar_id`) ON DELETE CASCADE
) ENGINE=InnoDB AUTO_INCREMENT=101 DEFAULT CHARSET=utf8mb4 COLLATE=utf8mb4_unicode_ci COMMENT='╨Ю╨▒╨╗╨╛╨╢╨║╨╕ ╤Д╨╕╨╗╤М╨╝╨╛╨▓';
/*!40101 SET character_set_client = @saved_cs_client */;

--
-- Dumping data for table `media_films`
--

LOCK TABLES `media_films` WRITE;
/*!40000 ALTER TABLE `media_films` DISABLE KEYS */;
INSERT INTO `media_films` VALUES (1,9,'fuga','png',446),(2,82,'rem','png',566),(3,65,'ut','jpeg',71),(4,19,'facere','jpeg',243),(5,26,'numquam','jpeg',254),(6,7,'vitae','jpeg',105),(7,89,'voluptatem','png',880),(8,10,'libero','jpeg',488),(9,63,'est','png',777),(10,36,'doloribus','png',740),(11,34,'nihil','jpeg',209),(12,69,'nostrum','png',7),(13,53,'blanditiis','jpeg',641),(14,76,'odio','jpeg',869),(15,90,'natus','jpeg',586),(16,84,'sint','png',707),(17,27,'dolorem','png',586),(18,21,'aliquam','jpeg',47),(19,23,'soluta','png',227),(20,94,'quos','png',159),(21,57,'et','jpeg',656),(22,20,'enim','png',47),(23,58,'dolore','png',67),(24,28,'aut','png',269),(25,41,'a','jpeg',573),(26,1,'perferendis','jpeg',341),(27,49,'libero','png',989),(28,61,'velit','png',341),(29,88,'porro','jpeg',805),(30,12,'exercitationem','jpeg',547),(31,2,'molestias','png',868),(32,16,'asperiores','png',431),(33,66,'enim','png',896),(34,18,'omnis','jpeg',985),(35,33,'quis','png',100),(36,70,'quod','png',172),(37,73,'aut','png',561),(38,35,'a','png',673),(39,40,'possimus','png',109),(40,24,'laboriosam','jpeg',605),(41,64,'maiores','jpeg',707),(42,50,'repellat','png',113),(43,93,'soluta','jpeg',794),(44,5,'itaque','png',265),(45,68,'minima','png',135),(46,67,'quia','png',372),(47,14,'vero','jpeg',215),(48,52,'qui','jpeg',107),(49,83,'aut','jpeg',940),(50,47,'sequi','png',844),(51,97,'itaque','png',561),(52,87,'et','png',537),(53,15,'qui','png',544),(54,86,'non','jpeg',174),(55,100,'aliquam','jpeg',151),(56,56,'eveniet','png',855),(57,8,'et','jpeg',928),(58,43,'quod','jpeg',447),(59,96,'dignissimos','png',814),(60,30,'voluptatem','png',351),(61,51,'laboriosam','png',252),(62,55,'id','png',25),(63,42,'dolores','png',733),(64,39,'iusto','png',817),(65,71,'in','png',194),(66,45,'minima','jpeg',884),(67,17,'odio','png',770),(68,46,'delectus','jpeg',877),(69,37,'voluptatum','jpeg',54),(70,13,'beatae','png',35),(71,78,'sequi','png',95),(72,80,'repudiandae','png',563),(73,81,'quasi','png',787),(74,60,'aspernatur','jpeg',145),(75,32,'laboriosam','jpeg',762),(76,79,'eaque','jpeg',154),(77,44,'eos','png',387),(78,99,'placeat','jpeg',410),(79,74,'facilis','jpeg',190),(80,31,'reiciendis','png',197),(81,3,'tempora','jpeg',126),(82,72,'nemo','jpeg',154),(83,77,'quis','jpeg',624),(84,85,'maxime','png',771),(85,54,'accusantium','jpeg',505),(86,11,'ut','png',317),(87,48,'eum','jpeg',256),(88,98,'voluptas','jpeg',528),(89,29,'consequatur','png',214),(90,6,'voluptate','jpeg',728),(91,59,'enim','jpeg',1000),(92,62,'aut','jpeg',559),(93,91,'omnis','jpeg',733),(94,22,'non','jpeg',394),(95,92,'blanditiis','jpeg',571),(96,4,'ab','jpeg',943),(97,95,'sint','png',423),(98,75,'explicabo','jpeg',314),(99,25,'voluptas','jpeg',765),(100,38,'dolorem','jpeg',499);
/*!40000 ALTER TABLE `media_films` ENABLE KEYS */;
UNLOCK TABLES;

--
-- Table structure for table `media_users`
--

DROP TABLE IF EXISTS `media_users`;
/*!40101 SET @saved_cs_client     = @@character_set_client */;
/*!50503 SET character_set_client = utf8mb4 */;
CREATE TABLE `media_users` (
  `id` int unsigned NOT NULL AUTO_INCREMENT COMMENT '╨Ш╨┤╨╡╨╜╤В╨╕╤Д╨╕╨║╨░╤В╨╛╤А ╤Б╤В╤А╨╛╨║╨╕',
  `target_id` int DEFAULT NULL COMMENT '╨б╤Б╤Л╨╗╨║╨░ ╨╜╨░ ╨┐╨╛╨╗╤М╨╖╨╛╨▓╨░╤В╨╡╨╗╤П',
  `filename` varchar(255) CHARACTER SET utf8mb4 COLLATE utf8mb4_unicode_ci NOT NULL COMMENT '╨Э╨░╨╖╨▓╨░╨╜╨╕╨╡ ╤Д╨░╨╣╨╗╨░',
  `media_type` enum('jpeg','png') CHARACTER SET utf8mb4 COLLATE utf8mb4_unicode_ci DEFAULT NULL COMMENT '╨Э╨░╨╖╨▓╨░╨╜╨╕╨╡ ╤В╨╕╨┐╨░',
  `size` int NOT NULL COMMENT '╨а╨░╨╖╨╝╨╡╤А ╤Д╨░╨╣╨╗╨░',
  PRIMARY KEY (`id`),
  UNIQUE KEY `target_id` (`target_id`),
  CONSTRAINT `profiles_from_media_users_id_fk` FOREIGN KEY (`target_id`) REFERENCES `profiles` (`avatar_id`) ON DELETE CASCADE
) ENGINE=InnoDB AUTO_INCREMENT=102 DEFAULT CHARSET=utf8mb4 COLLATE=utf8mb4_unicode_ci COMMENT='╨д╨╛╤В╨╛ ╨┐╨╛╨╗╤М╨╖╨╛╨▓╨░╤В╨╡╨╗╨╡╨╣';
/*!40101 SET character_set_client = @saved_cs_client */;

--
-- Dumping data for table `media_users`
--

LOCK TABLES `media_users` WRITE;
/*!40000 ALTER TABLE `media_users` DISABLE KEYS */;
INSERT INTO `media_users` VALUES (1,25,'rerum','png',44),(2,98,'minus','png',716),(3,93,'sit','png',80),(4,11,'est','jpeg',158),(5,71,'sequi','png',737),(6,64,'consequatur','png',125),(7,51,'qui','png',135),(8,100,'velit','jpeg',881),(9,36,'animi','jpeg',529),(10,5,'excepturi','jpeg',568),(11,60,'et','jpeg',12),(12,19,'omnis','png',509),(13,52,'quo','jpeg',444),(14,82,'aliquid','jpeg',388),(15,95,'rerum','jpeg',916),(16,3,'modi','jpeg',470),(17,43,'ex','jpeg',199),(18,16,'sint','png',60),(19,72,'expedita','png',310),(20,15,'et','jpeg',961),(21,32,'consequuntur','jpeg',241),(22,23,'quisquam','png',770),(23,91,'tempore','jpeg',288),(24,79,'at','jpeg',530),(25,12,'est','jpeg',500),(26,41,'illum','png',483),(27,30,'illo','png',539),(28,61,'inventore','jpeg',108),(29,1,'reiciendis','png',230),(30,77,'dolorum','png',389),(31,87,'voluptates','png',611),(32,73,'molestiae','png',203),(33,81,'doloremque','png',852),(34,63,'corporis','jpeg',801),(35,26,'doloremque','png',100),(36,45,'quod','png',633),(37,2,'id','jpeg',463),(38,69,'exercitationem','jpeg',231),(39,67,'blanditiis','jpeg',609),(40,21,'itaque','png',293),(41,74,'quia','png',152),(42,54,'autem','png',888),(43,38,'ea','jpeg',766),(44,88,'aut','png',116),(45,20,'repellat','png',46),(46,42,'corrupti','png',508),(47,22,'eaque','png',703),(48,96,'quos','jpeg',316),(49,7,'ut','jpeg',173),(50,66,'maxime','png',609),(51,47,'tenetur','png',643),(52,86,'autem','png',669),(53,58,'accusamus','png',618),(54,55,'atque','png',225),(55,4,'aliquam','jpeg',609),(56,31,'voluptatem','jpeg',15),(57,62,'ut','png',512),(58,65,'placeat','jpeg',912),(59,44,'sint','png',326),(60,97,'dolor','jpeg',236),(61,6,'ut','png',2),(62,89,'unde','png',6),(63,8,'aspernatur','jpeg',69),(64,9,'et','jpeg',500),(65,80,'dolor','png',424),(66,99,'dolor','jpeg',400),(67,35,'sunt','png',706),(68,33,'aut','jpeg',228),(69,40,'atque','png',63),(70,17,'et','jpeg',32),(71,56,'ipsam','png',935),(72,57,'fugit','png',764),(73,83,'recusandae','jpeg',141),(74,85,'dicta','png',383),(75,39,'eos','jpeg',456),(76,49,'tenetur','png',295),(77,27,'voluptatem','jpeg',505),(78,34,'magnam','png',531),(79,76,'dignissimos','png',415),(80,28,'praesentium','png',457),(81,50,'nobis','jpeg',314),(82,29,'ad','jpeg',405),(83,14,'hic','jpeg',441),(84,18,'perspiciatis','png',222),(85,90,'quam','jpeg',837),(86,94,'doloribus','jpeg',892),(87,48,'quisquam','jpeg',686),(88,75,'aut','jpeg',209),(89,24,'blanditiis','jpeg',79),(90,92,'odit','jpeg',595),(91,10,'dolorem','png',661),(92,37,'consequuntur','png',15),(93,13,'id','png',562),(94,84,'laboriosam','png',569),(95,68,'quod','png',804),(96,59,'enim','jpeg',771),(97,46,'non','jpeg',190),(98,53,'quis','png',69),(99,78,'accusamus','png',933),(100,70,'earum','jpeg',543);
/*!40000 ALTER TABLE `media_users` ENABLE KEYS */;
UNLOCK TABLES;

--
-- Table structure for table `messages`
--

DROP TABLE IF EXISTS `messages`;
/*!40101 SET @saved_cs_client     = @@character_set_client */;
/*!50503 SET character_set_client = utf8mb4 */;
CREATE TABLE `messages` (
  `id` int unsigned NOT NULL AUTO_INCREMENT COMMENT '╨Ш╨┤╨╡╨╜╤В╨╕╤Д╨╕╨║╨░╤В╨╛╤А ╤Б╤В╤А╨╛╨║╨╕',
  `from_user_id` int unsigned NOT NULL COMMENT '╨б╤Б╤Л╨╗╨║╨░ ╨╜╨░ ╨╛╤В╨┐╤А╨░╨▓╨╕╤В╨╡╨╗╤П ╤Б╨╛╨╛╨▒╤Й╨╡╨╜╨╕╤П',
  `to_user_id` int unsigned NOT NULL COMMENT '╨б╤Б╤Л╨╗╨║╨░ ╨╜╨░ ╨┐╨╛╨╗╤Г╤З╨░╤В╨╡╨╗╤П ╤Б╨╛╨╛╨▒╤Й╨╡╨╜╨╕╤П',
  `body` text CHARACTER SET utf8mb4 COLLATE utf8mb4_unicode_ci NOT NULL COMMENT '╨в╨╡╨║╤Б╤В ╤Б╨╛╨╛╨▒╤Й╨╡╨╜╨╕╤П',
  `created_at` datetime DEFAULT CURRENT_TIMESTAMP COMMENT '╨Т╤А╨╡╨╝╤П ╤Б╨╛╨╖╨┤╨░╨╜╨╕╤П ╤Б╨╛╨╛╨▒╤Й╨╡╨╜╨╕╤П',
  PRIMARY KEY (`id`),
  KEY `messages_from_users_id_fk` (`from_user_id`),
  KEY `user_from_messenges_id_fk` (`to_user_id`),
  CONSTRAINT `messages_from_users_id_fk` FOREIGN KEY (`from_user_id`) REFERENCES `users` (`id`),
  CONSTRAINT `user_from_messenges_id_fk` FOREIGN KEY (`to_user_id`) REFERENCES `users` (`id`)
) ENGINE=InnoDB AUTO_INCREMENT=201 DEFAULT CHARSET=utf8mb4 COLLATE=utf8mb4_unicode_ci COMMENT='╨б╨╛╨╛╨▒╤Й╨╡╨╜╨╕╤П';
/*!40101 SET character_set_client = @saved_cs_client */;

--
-- Dumping data for table `messages`
--

LOCK TABLES `messages` WRITE;
/*!40000 ALTER TABLE `messages` DISABLE KEYS */;
INSERT INTO `messages` VALUES (1,40,100,'Possimus corporis officiis quis quod amet. Et dolor ut animi porro molestias dolores. Sit qui eius et dolore iste aliquam. Numquam animi facilis non eius eum pariatur numquam.','2021-05-16 18:23:05'),(2,55,72,'In quidem labore sit iste laboriosam. Mollitia fugit quia voluptas ut dolor sunt. Et ullam et rerum expedita dolore aut iure.','2021-05-16 18:23:05'),(3,95,6,'Est aspernatur perspiciatis corrupti iusto ut perferendis est ipsam. Est fugiat est voluptatem hic asperiores natus fuga. Reiciendis consequuntur qui quo laudantium qui id. Beatae libero tempore quia atque fugit distinctio.','2021-05-16 18:23:05'),(4,8,23,'Aut quisquam commodi eligendi reprehenderit non et. Enim modi aliquid quaerat quam. Est autem dolore quisquam perspiciatis sunt voluptatibus. Blanditiis est tenetur ex consequatur fuga hic illo.','2021-05-16 18:23:05'),(5,78,65,'Asperiores commodi ipsum nostrum unde doloribus repellendus. Odio architecto provident sint ullam nam consequatur temporibus reprehenderit. Quisquam assumenda repudiandae quos amet quaerat corporis ab. Qui corporis velit illum assumenda.','2021-05-16 18:23:05'),(6,67,76,'Hic ullam perspiciatis incidunt est voluptas nulla. Suscipit ut vel animi ratione quas esse tempore veritatis. Hic dolorem esse sint soluta dicta rerum nihil.','2021-05-16 18:23:05'),(7,16,3,'Mollitia error omnis consectetur sunt ipsum. Ab quae ut quae hic maxime aut nisi. Porro laboriosam quidem soluta est. Est perferendis explicabo aut omnis quod aut.','2021-05-16 18:23:05'),(8,7,4,'Et possimus quam natus. Eligendi earum sint consequatur aspernatur. Atque est atque ab id.','2021-05-16 18:23:05'),(9,63,87,'Aut et quis dolor in. Mollitia quasi voluptas illum magni dolorem dignissimos. Quos et veniam officia optio minima nemo. Exercitationem laborum et cumque quod.','2021-05-16 18:23:05'),(10,3,95,'Ratione est possimus suscipit voluptatibus. Quaerat recusandae numquam dolor est deleniti non. Illum consectetur qui voluptas qui ut vel corrupti.','2021-05-16 18:23:05'),(11,98,87,'Sint soluta rem minus quos ut. Et asperiores odit sint laudantium. Facilis quia sapiente qui.','2021-05-16 18:23:05'),(12,71,70,'Aut tenetur incidunt quis quidem dolorem delectus nostrum sunt. Ipsum qui laboriosam qui magni facere necessitatibus reprehenderit dolores. Odit qui sunt necessitatibus nisi eos delectus adipisci deserunt. Quisquam sed dolore sint sed recusandae.','2021-05-16 18:23:05'),(13,10,69,'Eligendi quasi ipsa repellat ut et. Totam natus sunt labore perspiciatis et eos quo. Cumque possimus aperiam ipsa numquam. Nostrum vel quasi sint.','2021-05-16 18:23:05'),(14,86,57,'Unde velit rem quo enim sint. Ipsum quo velit necessitatibus temporibus. Harum accusamus maiores illum eos quasi. Magni quo et autem velit quam esse.','2021-05-16 18:23:05'),(15,5,30,'Sit voluptate accusantium sed qui. Non quia ut est atque molestiae ab a. Vitae aliquid fugit quo quasi iure quia nulla.','2021-05-16 18:23:05'),(16,26,48,'Illo quia ab officia tempora. In minus voluptatum voluptas sapiente doloribus. Sit assumenda ab molestiae dolorum iste autem nihil. Accusamus a ad itaque sed totam explicabo omnis.','2021-05-16 18:23:05'),(17,9,35,'Sit inventore quam eligendi nesciunt. At consequatur cum in ab ut fuga. Sapiente est repellat quia velit eum doloribus.','2021-05-16 18:23:05'),(18,6,1,'Cumque nisi commodi dolorem. Cupiditate ducimus recusandae aut quis quidem. Adipisci doloremque magni dolor et aperiam blanditiis. Autem ea minus exercitationem beatae ut.','2021-05-16 18:23:05'),(19,22,17,'Id est et repellat sit explicabo sint rerum. Excepturi et necessitatibus nisi omnis iusto totam exercitationem. Dicta quod aut quia. Consequatur inventore dolorem fugit facilis perferendis.','2021-05-16 18:23:05'),(20,8,12,'Quas laudantium repellat pariatur sunt sed enim. Qui blanditiis sit nemo veniam ut aut nesciunt quo.','2021-05-16 18:23:05'),(21,9,54,'Repellendus nisi eum non odio eius cumque voluptatem. Mollitia voluptates reprehenderit sunt sit voluptates corporis pariatur. Est sapiente eligendi asperiores asperiores ipsam.','2021-05-16 18:23:05'),(22,70,6,'Placeat doloremque quia et. Omnis enim accusantium possimus alias et rem. Corporis vitae quod iure non. Beatae molestias odit quos porro quisquam eligendi. Officiis aliquid cupiditate ea ut.','2021-05-16 18:23:05'),(23,28,53,'Totam sint non at sapiente aperiam ut. Qui dolor saepe consequatur nobis maxime consequuntur. Earum est recusandae eos aut hic. Officiis explicabo rerum totam voluptatem voluptatum excepturi sequi.','2021-05-16 18:23:05'),(24,35,63,'Ut et alias eaque et omnis. Ipsa iure numquam amet perspiciatis non unde. Eos enim nemo labore necessitatibus. Omnis asperiores doloremque adipisci suscipit.','2021-05-16 18:23:05'),(25,48,86,'Eum optio qui blanditiis ipsum aut. Odit minus quia molestias vel. Ab dolore qui minus velit non dicta.','2021-05-16 18:23:05'),(26,67,95,'Et eligendi aut nam suscipit et. Tempora ullam aut ipsa animi non iste. Accusantium est voluptatem veniam sapiente ea qui numquam nulla. Quae eum consequatur quod illo.','2021-05-16 18:23:05'),(27,17,60,'Numquam sequi ipsam rerum eaque sint fuga alias. Fuga praesentium et illo perspiciatis. Et eius repudiandae enim labore corrupti. Adipisci quae soluta dolorem ut cupiditate dolore.','2021-05-16 18:23:05'),(28,61,66,'Earum facilis quaerat sit laboriosam in et porro. Sint qui beatae ratione ut culpa exercitationem. Quia iste suscipit non ipsum occaecati. Eius magni sit quam ipsum.','2021-05-16 18:23:05'),(29,30,8,'Dicta eos tempore sequi quia. Est quas corrupti et soluta. Perspiciatis ex et necessitatibus. Aspernatur autem sunt qui corrupti.','2021-05-16 18:23:05'),(30,69,97,'Hic dolor ab doloribus et dignissimos qui ullam. Praesentium et commodi velit et rerum. Est unde ut autem fugiat quidem. Quaerat cumque in minima ratione ratione.','2021-05-16 18:23:05'),(31,93,99,'Dolore aut cum voluptatem similique aliquid voluptatem. Quas commodi porro blanditiis nemo sunt.','2021-05-16 18:23:05'),(32,21,64,'Aut quo quibusdam et officia est totam. Rerum fugit iste amet aliquid pariatur explicabo ea. Nisi ducimus repellendus asperiores explicabo qui nemo.','2021-05-16 18:23:05'),(33,99,23,'Quis illum nam quia iusto laudantium dolorum nisi corporis. Ex cum alias est ab. A enim esse corporis et. Architecto vitae laborum dolore.','2021-05-16 18:23:05'),(34,75,13,'Nesciunt similique nemo est fugit soluta. Repellat voluptas officia possimus est.','2021-05-16 18:23:05'),(35,12,98,'Asperiores fuga molestiae labore quibusdam quaerat quis repellendus. Sint nulla ut quo voluptatibus. Explicabo nesciunt error aut vel laudantium qui sed.','2021-05-16 18:23:05'),(36,50,58,'Sapiente aliquid tempore et hic numquam aliquid provident. Pariatur est quas in quasi. Eveniet inventore sit ipsum dignissimos. Harum dolor nulla ut.','2021-05-16 18:23:05'),(37,77,33,'Voluptatibus consequuntur et porro voluptas ut repellat. Rerum molestiae voluptates deleniti quaerat eligendi blanditiis nemo. Suscipit eum soluta natus quis. A quidem dicta tenetur ut temporibus sint.','2021-05-16 18:23:05'),(38,7,37,'Voluptates adipisci incidunt aut aut temporibus rerum. Officiis qui autem sunt et repudiandae numquam. Eaque corrupti rerum nisi quia ea dolore. Facere sunt aut consequatur aspernatur.','2021-05-16 18:23:05'),(39,73,7,'Quod est voluptatem reprehenderit ut nulla et velit. Est consequuntur fugit quia autem modi ipsam non. Eos voluptatem eum distinctio libero impedit esse provident. Nihil velit minus asperiores est. Voluptas aut quia deserunt aut consectetur rem.','2021-05-16 18:23:05'),(40,95,50,'Et et minima optio eum dicta. Voluptas reiciendis aperiam vero saepe et. At nam in amet beatae.','2021-05-16 18:23:05'),(41,69,13,'Et rerum animi non accusamus et ipsam. Temporibus dolore ducimus libero quia omnis cumque facilis. Ratione similique nostrum voluptates iusto nam rerum est. Perferendis officia voluptas omnis. Ab totam est sapiente provident.','2021-05-16 18:23:05'),(42,9,93,'Earum nam suscipit rerum. Vero enim harum voluptatibus exercitationem. Doloribus et sit quo ea omnis nemo quae. Doloribus qui ea temporibus consequatur omnis. Expedita et rem numquam reiciendis saepe harum.','2021-05-16 18:23:05'),(43,63,25,'Doloribus voluptatem explicabo autem et. Ex modi nobis culpa iusto aliquam qui qui. Quia ut ad expedita dolores cupiditate perspiciatis ut. Magni error sint aut sit quasi quisquam doloribus.','2021-05-16 18:23:05'),(44,45,3,'Quis veniam quo illum molestiae. Autem et fugit et aperiam minus. Nam sed culpa repellendus minima odio omnis veritatis. Ea explicabo dolore id autem molestiae nostrum a.','2021-05-16 18:23:05'),(45,64,29,'Aut assumenda esse facilis. Totam necessitatibus nemo voluptatem at deserunt. Qui voluptatum blanditiis reprehenderit ipsum repellat.','2021-05-16 18:23:05'),(46,74,75,'Aut dolor et soluta amet ab non. Cupiditate ut voluptatem error aperiam qui saepe. Inventore a nisi atque est aut numquam. Aut maiores ad nisi.','2021-05-16 18:23:05'),(47,5,65,'Ullam eveniet eum ea architecto. Hic suscipit voluptates quia quas sint harum praesentium. Totam reprehenderit recusandae ullam explicabo et qui nihil deserunt.','2021-05-16 18:23:05'),(48,85,7,'Eum sequi sit aut blanditiis nobis qui dicta. Dolores dicta fugit tempora consequatur. Asperiores debitis reiciendis et et. Qui non facilis dolores qui perferendis ipsa quae et.','2017-10-21 22:08:54'),(49,32,97,'Ullam est est voluptatem quaerat cupiditate a dolores. Saepe alias in alias aut excepturi commodi. Dolore ex nam rerum quia. Ad placeat ipsa sit sit soluta consequatur voluptates.','2021-05-16 18:23:05'),(50,74,6,'Quod voluptatum saepe esse veritatis. Aliquid necessitatibus reprehenderit qui earum. Est quia aut porro. Dolore maiores eum earum et ut dignissimos amet.','2021-05-16 18:23:05'),(51,50,89,'Deserunt similique nostrum asperiores vitae suscipit eos est. Ducimus sunt impedit minus culpa. Dignissimos debitis debitis et eos dolor minima. Neque deleniti qui eum optio aut enim earum.','2021-05-16 18:23:05'),(52,38,64,'Rerum voluptatem distinctio occaecati alias deserunt. Iste error amet facilis. Consectetur et totam possimus eligendi.','2021-05-16 18:23:05'),(53,83,78,'Enim nesciunt quibusdam quas dicta aliquid. Perferendis laboriosam natus cumque quasi illum. Atque sint alias odio velit. Voluptates veniam aperiam in labore quas ad eaque laudantium.','2021-05-16 18:23:05'),(54,51,80,'Recusandae at saepe minima et et sit mollitia. Et ipsam error aspernatur velit. Repellat quos sunt occaecati facere quidem corrupti.','2021-05-16 18:23:05'),(55,62,66,'Ipsum esse voluptas et eos eum ducimus. Qui rerum nulla exercitationem ut. Enim eius minus non perferendis delectus illum quia in. Deleniti occaecati adipisci repellendus.','2020-09-15 16:35:33'),(56,67,98,'Cum neque ut aut ad ut. Saepe molestiae qui consequatur aut sed culpa et. Numquam quis optio aperiam.','2021-05-16 18:23:05'),(57,39,70,'Veritatis aspernatur quia occaecati assumenda aut atque illum. Illo dolores possimus doloremque nostrum. Magnam ullam commodi sapiente laboriosam ut autem. Asperiores quisquam numquam nobis aspernatur alias exercitationem.','2021-05-16 18:23:05'),(58,86,93,'Provident et beatae facere earum dicta. Nemo rerum dolore sapiente in consequatur. Quod maxime et assumenda dolore dicta. Provident recusandae nulla sint autem ut et vero.','2021-05-16 18:23:05'),(59,67,71,'Sed ut blanditiis qui nobis sint recusandae. Facere officiis reiciendis dolores quasi sit occaecati vel. Omnis odit delectus corrupti dignissimos sed blanditiis est. Veniam ea pariatur nihil sint aut sed autem.','2021-05-16 18:23:05'),(60,98,20,'Impedit et dolorum quaerat est corporis. Aliquid mollitia doloribus soluta veritatis illo error quam totam. Eligendi est architecto quam reiciendis aspernatur eaque. Eum doloremque consequuntur sunt eligendi eaque cupiditate error soluta.','2020-06-02 19:40:31'),(61,54,93,'Dolores fugiat expedita voluptatibus consequatur. Molestiae expedita magnam totam quia quo assumenda sint.','2021-05-16 18:23:05'),(62,30,67,'Rerum est sed ullam maiores dolore sed maiores dolores. Odio dicta vitae occaecati explicabo.','2021-05-16 18:23:05'),(63,61,58,'Facere consequatur eaque fuga exercitationem. Sapiente et id et qui tenetur explicabo nulla. Minima ea deserunt nisi eaque non non. Sed repellat culpa quo voluptate aut maxime.','2021-05-16 18:23:05'),(64,99,44,'Temporibus qui et repudiandae est quo aut. Nihil est facilis qui in rerum hic ut. Deleniti officia illo molestias sed illum.','2021-05-16 18:23:05'),(65,28,85,'Voluptate quo doloremque doloribus totam quaerat. Modi dicta aut dolorem dolore quis enim ullam. Et consequatur accusamus possimus magnam tempore dolorem.','2021-05-16 18:23:05'),(66,35,63,'Rem et aliquam vel non delectus. In ea consequatur quibusdam aut dolores aut possimus est. Quia nemo libero asperiores eveniet. Accusamus reprehenderit nostrum sapiente aliquam qui culpa.','2021-05-16 18:23:05'),(67,3,61,'Suscipit est odit sapiente aut ut. In ipsum distinctio aut qui cum. Laborum reiciendis magni laboriosam quo praesentium est repellat.','2021-05-16 18:23:05'),(68,54,15,'Aliquam magni animi ea velit atque. Et quis quaerat et cupiditate. Autem quo facere nihil est possimus.','2021-05-16 18:23:05'),(69,45,66,'Autem voluptatem ipsum recusandae qui enim corrupti ratione. Laborum totam blanditiis repudiandae dolorem ipsa qui et. Unde eligendi est blanditiis accusamus. Perspiciatis voluptates praesentium hic harum officia expedita ipsa. Ut doloremque debitis reiciendis numquam ut.','2013-10-15 21:02:07'),(70,76,47,'Est recusandae qui totam itaque labore et alias. Voluptas ipsa cumque neque minus eum cum voluptatum. Numquam sunt et sunt alias ducimus eos. Et nam omnis sit aliquam.','2021-05-16 18:23:05'),(71,36,93,'Animi error cum minima iusto. Possimus quam soluta quo sed odio.','2021-05-16 18:23:05'),(72,49,84,'Perspiciatis incidunt non ducimus iure dolor ut. Autem dolorem ab maiores sed sit.','2021-05-16 18:23:05'),(73,64,54,'Qui nihil possimus necessitatibus quibusdam. Voluptas debitis non quas corporis reprehenderit dolores. Omnis est voluptatem nesciunt dolores voluptas dignissimos. Veniam vel ad quis ipsum.','2021-05-16 18:23:05'),(74,59,8,'Perferendis autem accusantium dolor. Reprehenderit pariatur et qui vitae magnam. Atque eaque repellendus voluptatem.','2021-05-16 18:23:05'),(75,85,45,'Vitae nobis quo eveniet sit velit odio eum. Totam quibusdam consequuntur autem dolores. Est voluptas consequatur voluptatem sequi aperiam qui.','2021-05-16 18:23:05'),(76,17,31,'Non officia non et excepturi delectus dolorem molestias. Itaque omnis nihil sunt similique.','2021-05-16 18:23:05'),(77,38,9,'Libero vel voluptatem numquam qui delectus. Itaque nihil sunt doloremque illo. Odio nulla error voluptatem quo ipsa reprehenderit vel consequatur. Et voluptatibus et dolorem aliquid nobis ea fugiat.','2021-05-16 18:23:05'),(78,42,91,'Nostrum sed nam natus in consequatur. Distinctio omnis omnis quia.','2021-05-16 18:23:05'),(79,60,31,'Placeat odio itaque commodi. Iusto beatae nobis exercitationem odio. Molestiae enim sit quis facilis aut vitae beatae totam.','2021-05-16 18:23:05'),(80,8,83,'Rem consequatur rerum voluptas asperiores. Adipisci ea pariatur animi occaecati voluptas sed. Molestias laudantium vitae rerum. Ducimus doloremque enim repellendus deleniti in ex.','2021-05-16 18:23:05'),(81,98,60,'Aperiam aspernatur rerum distinctio vel impedit repudiandae. Quas qui nihil enim repudiandae aliquid expedita ut. Modi eum voluptatem laboriosam accusamus autem quis cum. Nisi eos ut et rerum provident. Et est nisi earum voluptatem.','2021-05-16 18:23:05'),(82,57,73,'Tempora recusandae distinctio et impedit occaecati ipsum. Asperiores dolore et illum quis iure ullam. Possimus voluptatem temporibus id soluta asperiores accusantium iure. Labore ratione id adipisci iste omnis non cum.','2021-05-16 18:23:05'),(83,30,1,'Sed at odit illo nesciunt. Et saepe illum vel rerum. Enim aliquid sit et temporibus.','2021-05-16 18:23:05'),(84,10,53,'Nihil repudiandae id rerum cupiditate et doloremque ab. Aut consectetur sint quos facere quia ut et.','2021-05-16 18:23:05'),(85,81,39,'Et ut fugit fuga labore sed quibusdam adipisci. Consequatur nostrum qui enim consequatur ipsa. Doloribus occaecati beatae aliquam ad.','2021-05-16 18:23:05'),(86,18,61,'Et repudiandae asperiores quis nihil et itaque distinctio. Qui sapiente quo ab et ipsa quos quas nemo. Quia aperiam est sapiente.','2021-05-16 18:23:05'),(87,68,20,'Voluptatibus praesentium reiciendis quidem ut sit quod. Et atque ducimus sint doloribus. Sunt nihil nobis sunt minus sit. Et reiciendis dolorum dicta et amet consequuntur vitae.','2021-05-16 18:23:05'),(88,20,45,'Voluptas nulla numquam dolorem sint voluptatibus est quia. Quis cumque sint maiores iusto esse. Quia similique blanditiis sed rerum quaerat. Ad atque eum magnam rerum est nulla. Aut qui rerum odio enim similique vero nobis.','2021-05-16 18:23:05'),(89,42,20,'Commodi voluptates natus voluptas aut molestias numquam. Velit ad dolorum nostrum maxime culpa vitae. Eos voluptates commodi dolores sint eum asperiores. Totam repellat cupiditate voluptas.','2021-05-16 18:23:05'),(90,30,9,'Beatae nulla autem odio natus perspiciatis ipsam. Exercitationem sed cumque quia quidem corrupti natus. Aut tempora praesentium est ea.','2017-09-08 00:31:02'),(91,24,89,'Corporis aspernatur dolores non similique eveniet. Inventore dignissimos sit recusandae possimus.','2021-05-16 18:23:05'),(92,79,35,'Non dicta ad non nulla suscipit amet accusantium enim. Recusandae deserunt et pariatur occaecati quidem saepe id aut. Ut saepe expedita itaque voluptatem. Id aperiam odio nihil sunt aut repudiandae.','2021-05-16 18:23:05'),(93,76,45,'Consequatur quis et quia corrupti eligendi aut illum reiciendis. Atque libero tenetur laborum maiores. Fugiat autem ea ratione. Hic in et praesentium eos.','2020-10-10 23:28:18'),(94,17,84,'Odio molestiae voluptatem labore voluptatem. Dolorem enim cupiditate quam excepturi voluptatem qui quasi molestias. Voluptatem rerum doloremque iste et quasi velit quidem explicabo.','2021-05-16 18:23:05'),(95,15,13,'Perferendis suscipit quia qui quo numquam. Qui eligendi nobis officia animi ex eum dolorum. Molestiae qui voluptas ipsa laudantium ut iusto veritatis.','2021-05-16 18:23:05'),(96,60,79,'Nihil et reiciendis dignissimos quae est alias vel. Placeat consequuntur et eveniet adipisci similique. Qui ratione nam rerum unde itaque voluptatem explicabo harum.','2021-05-16 18:23:05'),(97,12,2,'Ea dignissimos iure itaque aliquam. Ea nostrum ut a commodi magnam. Quidem voluptas consequuntur corporis quaerat voluptatem quo.','2021-05-16 18:23:05'),(98,5,86,'Doloremque modi quo incidunt aut voluptatum aperiam quos quam. Repellendus ullam ducimus iste ratione.','2021-05-16 18:23:05'),(99,7,69,'Repellat assumenda et necessitatibus animi quibusdam temporibus. Totam sed omnis ad blanditiis nostrum. Qui dolor ducimus corporis mollitia iusto nam.','2021-05-16 18:23:05'),(100,1,45,'Consequatur recusandae non nostrum eos iste recusandae sint ipsam. Et quas tempore tempora quaerat. Sint nam similique voluptatum. Fugit consequatur adipisci impedit in animi neque.','2021-05-16 18:23:05'),(101,43,54,'Fuga reiciendis nobis dicta amet omnis ea. Accusamus eos quod sit consequatur perferendis incidunt. Eos eaque ex quibusdam quaerat vitae eius maiores. Vitae aut aliquid et enim numquam. Delectus voluptas qui molestias iure aut.','2021-05-16 18:23:05'),(102,7,82,'Rem ut consequatur et ipsam est aut doloribus sit. Sit et et dicta accusamus ut dolor dolore. Eos totam porro eum voluptates magnam. Molestias et magnam nobis fugit nobis nesciunt.','2021-05-16 18:23:05'),(103,27,37,'Provident consequatur deserunt distinctio sed rerum necessitatibus quod. Id nesciunt officiis et temporibus aut. Maiores excepturi voluptatem velit impedit.','2021-05-16 18:23:05'),(104,18,90,'Sit ipsam minima et sit. Labore magnam omnis explicabo voluptatem eius possimus sit. Enim voluptatem sunt deserunt. Quasi voluptatem qui commodi ullam autem eum.','2018-08-17 12:03:17'),(105,75,57,'Quas porro suscipit autem aut itaque aut. Qui ut ratione minus architecto ratione. Aspernatur velit magni aut illum ullam.','2021-05-16 18:23:05'),(106,34,99,'Ea maiores id molestias voluptatum nobis voluptatum. Quod distinctio dolorum sed iste incidunt iusto et omnis. Id nemo nesciunt amet. Maiores excepturi culpa quia ut qui dolor dolor.','2020-05-16 21:55:23'),(107,81,29,'Dicta aut aliquam culpa quia temporibus. Quis aut dolorem expedita. Quis maxime distinctio fuga amet possimus. Repudiandae consequatur repellat sunt voluptas fugiat molestiae possimus porro.','2021-05-16 18:23:05'),(108,46,60,'Ducimus nulla veniam iusto consequatur dolorum tenetur vitae. Qui quaerat veritatis sit dolore dolores. Rerum sit non deserunt minus eligendi sed reprehenderit.','2021-05-16 18:23:05'),(109,38,72,'Similique fuga fuga qui aut vel. Soluta sequi et amet ut voluptatum. Iste ipsum voluptas labore voluptas.','2012-09-02 02:31:07'),(110,46,21,'Et debitis inventore sapiente omnis voluptatem eos. Nisi soluta natus quasi non reprehenderit corrupti sint. Quaerat et cumque dolor omnis est ipsa ex voluptatum. Aliquid minima et ex minima.','2021-05-16 18:23:05'),(111,65,76,'Quia et impedit ut asperiores. Cum id deserunt autem quas rem. Quis tempora repellendus facilis error impedit tenetur.','2021-05-16 18:23:05'),(112,99,23,'Consequatur enim quos mollitia aut. Voluptas qui enim sit impedit est amet. Nostrum vitae ratione alias perferendis sit nulla ea.','2021-05-16 18:23:05'),(113,63,29,'Magni optio ut corrupti laudantium quia minus. In a rerum dolorum. Velit ea nam odio dicta quia.','2021-05-16 18:23:05'),(114,34,96,'Voluptatem et voluptatem nam sunt culpa. Doloremque fugit earum dolores iusto fugit est et ut.','2021-05-16 18:23:05'),(115,62,64,'Reiciendis sit et qui architecto eos. Illum voluptas fugiat et minima adipisci. Repellendus explicabo aut illum rem quam explicabo.','2021-05-16 18:23:05'),(116,37,91,'Perspiciatis labore voluptate voluptate voluptas reprehenderit occaecati. Maxime modi nam earum reiciendis optio tempore. Dolore voluptatibus enim atque cupiditate sapiente. Molestiae sequi aut perspiciatis numquam et ipsa est voluptas.','2021-05-16 18:23:05'),(117,69,11,'Mollitia placeat saepe fuga voluptatem ut dolores doloremque. Temporibus corrupti nobis assumenda. Vitae harum quas esse dolore veritatis consequatur eos qui.','2021-05-16 18:23:05'),(118,35,92,'Praesentium assumenda ea natus ea sit. Autem doloremque aliquid recusandae fugiat maxime. Beatae accusamus quia deserunt porro et possimus ullam officiis. Natus minus quia dolorum sit ea.','2015-03-19 11:47:42'),(119,90,24,'Reiciendis in animi quis assumenda autem. Laboriosam voluptatem quidem reprehenderit mollitia et qui. Cumque saepe cum qui et voluptate nulla. Facilis et nemo harum sed.','2021-05-16 18:23:05'),(120,99,78,'Odit distinctio nulla ullam eum et beatae. Beatae facere omnis architecto. Porro esse sunt vitae a voluptatem. Atque culpa fugiat voluptates esse.','2021-05-16 18:23:05'),(121,41,70,'Id voluptas aspernatur quisquam ullam blanditiis. Aut minus facere nemo debitis blanditiis vitae.','2021-05-16 18:23:05'),(122,69,97,'Ipsam ut est numquam numquam. Velit voluptas consectetur tempora quam. Voluptatibus corrupti sed dicta quaerat excepturi quo qui. Dolorem dolorem ut magnam hic dolores.','2021-05-16 18:23:05'),(123,88,95,'Explicabo qui nostrum id reprehenderit asperiores aut ea. Reprehenderit ipsam debitis perspiciatis libero non ut quia. Vero dolorum quibusdam numquam perferendis eaque. Saepe quam dolores ab iure omnis aut expedita.','2021-05-16 18:23:05'),(124,51,60,'Animi et maxime provident amet. Beatae est sit ullam vitae. Deserunt sunt vitae iure laudantium. Sed expedita ea quo fuga incidunt facilis. Velit vel qui quia quam quos.','2021-05-16 18:23:05'),(125,46,30,'Commodi a sit dolores debitis quibusdam aut sit. Voluptatum ipsum esse tempora ab et.','2021-05-16 18:23:05'),(126,37,5,'Voluptatem delectus commodi voluptatem voluptatem hic. Sint voluptatibus qui voluptatum maxime. Ut dolorum rerum est rerum voluptas. Repellendus ut qui sapiente et unde illum.','2021-05-16 18:23:05'),(127,43,76,'Nulla ullam sit quia. Qui iure sed dolore iure aliquam in. Nemo adipisci fugit facere pariatur est commodi voluptatem. Qui et quia a ex ullam et quod recusandae.','2021-05-16 18:23:05'),(128,41,5,'Qui neque quia corporis id. Voluptatem iusto molestiae laudantium quasi soluta. Odit non fugit pariatur laborum itaque.','2021-05-16 18:23:05'),(129,55,44,'Maiores animi facilis distinctio ducimus asperiores doloribus quibusdam. Quis quia sed deleniti amet. Vel esse suscipit maxime omnis sunt odit aut qui.','2021-05-16 18:23:05'),(130,86,28,'Id nesciunt occaecati commodi quia tempora perferendis quasi. Qui dolores delectus rerum nemo. Maiores dolor debitis adipisci odio. Ipsam voluptatem atque voluptatem qui atque voluptas.','2021-05-16 18:23:05'),(131,70,63,'Illo perferendis perspiciatis quia vel et corrupti voluptatem. Laborum ullam eum velit et. Dolorum asperiores quam tempora et distinctio.','2017-07-13 22:51:55'),(132,80,46,'Possimus non cupiditate maxime dicta dolorum voluptas. Qui quod minus at ducimus. Ut aut voluptatum sit eos ut culpa repellendus. Voluptatibus et neque fugiat reiciendis qui.','2021-05-16 18:23:05'),(133,31,13,'Sed voluptas cum aut eligendi. Ipsa libero reprehenderit ullam ea possimus. Placeat ut modi nobis iste et ratione.','2021-05-16 18:23:05'),(134,99,38,'Repellat est nulla quasi quis sit. Eius natus enim beatae error quaerat illum ut. Velit pariatur repudiandae aperiam voluptates suscipit blanditiis cupiditate non. Dolore tempore esse velit enim voluptatem.','2021-05-16 18:23:05'),(135,67,31,'Tempora sequi sit vero consequatur voluptatibus consequuntur minima exercitationem. Rerum tempora earum sunt est unde. Est rerum omnis aliquid tempora eum vitae velit dolorem. Modi commodi non quaerat sit.','2021-05-16 18:23:05'),(136,24,86,'Et aspernatur et sit unde corrupti quis assumenda. Rerum sequi nam autem illum. Doloremque et neque voluptas aut ducimus dolorum.','2021-05-16 18:23:05'),(137,30,56,'Necessitatibus quas illo assumenda recusandae voluptate eius ut. Neque tempore est aliquid iste. Dolores in ut voluptatem vel beatae. Rem culpa aut consequuntur saepe eveniet maxime.','2021-05-16 18:23:05'),(138,40,5,'Aut sunt a et neque. Aliquam quis quidem et aliquid magni. Facere quisquam ea voluptas consequuntur sit.','2021-05-16 18:23:05'),(139,7,10,'Aut doloremque expedita sint similique. Maiores fugit sequi omnis maxime in. Cupiditate delectus atque maxime eos omnis facilis.','2021-05-16 18:23:05'),(140,75,4,'Et perferendis et dignissimos rem quis beatae commodi et. Vel nisi velit itaque recusandae in in aut aut. Eos laboriosam aperiam rerum labore suscipit.','2021-05-16 18:23:05'),(141,65,40,'Suscipit animi aut sed ut et a enim inventore. Consectetur voluptas quo ut facilis. Voluptas aut voluptatibus facilis quia fugiat laboriosam ut. Sequi facilis vel voluptatum possimus totam. Est omnis minus voluptatem nisi.','2021-05-16 18:23:05'),(142,62,39,'Vitae laboriosam qui beatae ut voluptas. Dolorum nam qui omnis pariatur fuga numquam omnis quis. Accusantium est ut voluptatem qui nam quas.','2021-05-16 18:23:05'),(143,57,50,'Nemo nulla voluptatem id voluptates harum consequatur similique sunt. Reprehenderit quia corrupti autem. Eligendi quia nesciunt eum rerum.','2021-05-16 18:23:05'),(144,87,49,'Rerum aut tempora occaecati est placeat ad. Temporibus dignissimos vel eius assumenda vero facere neque. Aliquam facere quas ullam molestias ut.','2021-05-16 18:23:05'),(145,41,95,'Velit perferendis illo illum aut ea. Et ad nesciunt nobis tempore dicta quisquam.','2021-05-16 18:23:05'),(146,60,9,'In sunt voluptas molestiae beatae ab fugiat. Minus aut ad excepturi fugit quisquam minus. At nihil sapiente tenetur veritatis. Officia autem quod et autem.','2021-05-16 18:23:05'),(147,35,93,'Suscipit ex facilis provident beatae quidem. Fugit sed minus qui modi ducimus quod.','2013-01-20 21:12:42'),(148,55,97,'Assumenda quia quaerat sed consequatur corporis et voluptates. Dolorum facilis maxime modi iusto maiores nulla quas libero. Illum deleniti quae modi.','2021-05-16 18:23:05'),(149,87,39,'Explicabo rerum nobis ipsum non. Quis omnis harum ut aut. Dolores praesentium ex repudiandae culpa qui beatae et. Ut et adipisci eos neque. Facere reiciendis esse hic quidem praesentium est.','2021-05-16 18:23:05'),(150,10,80,'Temporibus eum quo reprehenderit assumenda. Omnis debitis mollitia est sapiente sint qui commodi. Quo hic perferendis perspiciatis. Consectetur non omnis error est. Vero quo velit est maxime reiciendis.','2021-05-16 18:23:05'),(151,11,75,'Ea animi qui mollitia qui sit soluta. Sequi rem inventore deserunt consequuntur molestiae. Quidem voluptas perspiciatis ut numquam voluptatem at. Adipisci dolore aut facilis impedit perferendis.','2021-05-16 18:23:05'),(152,93,17,'Ratione laboriosam quis optio ad saepe quas. Consequatur tempore laudantium optio dignissimos dolores distinctio. Placeat reiciendis rerum vel atque consequatur facilis aliquid. Inventore corporis error ducimus sit veniam vel.','2021-05-16 18:23:05'),(153,91,10,'Animi assumenda eius doloribus harum aperiam tenetur aut. Sed et sed omnis explicabo et inventore aut. Dolorem ad dolor voluptates laborum dolorem fuga assumenda. Nemo incidunt non ut deleniti ipsum voluptatibus.','2021-05-16 18:23:05'),(154,62,88,'Eos ex officiis blanditiis non velit ea sunt. Nobis ipsa et quia quidem magnam.','2021-05-16 18:23:05'),(155,5,67,'Ipsam maxime debitis aut sit consequatur. Veniam autem nisi voluptatibus eum. Nam veritatis amet et voluptatibus in. Ut illo architecto eum est.','2021-05-16 18:23:05'),(156,20,36,'Delectus maxime quam ipsa ex. Aut molestiae perspiciatis quae voluptatum culpa possimus. Voluptatum ut molestias omnis repudiandae.','2021-05-16 18:23:05'),(157,79,15,'Nobis recusandae rerum voluptas magni. Vel voluptatem quasi ipsum atque. Earum quaerat aut consequuntur eius aut et sed.','2021-05-16 18:23:05'),(158,97,74,'Ratione eius unde eos eius inventore sint amet omnis. Pariatur et magnam ad velit necessitatibus quasi qui.','2021-05-16 18:23:05'),(159,77,90,'Et nihil consequatur mollitia repellendus. Vel minus odio sint consequatur rerum occaecati. Laborum et sunt nesciunt nobis accusamus consequuntur quia. Nesciunt excepturi perspiciatis doloremque similique deserunt dolor voluptatem.','2021-05-16 18:23:05'),(160,34,94,'Totam fugiat debitis reprehenderit voluptas sequi tempora voluptatem. Ad quis dolorem et nemo ut sequi accusantium. Voluptatem incidunt dolores est.','2021-05-16 18:23:05'),(161,67,66,'Velit eaque natus nisi dolorum. Voluptatum dolorum rerum natus fuga nobis sint dolor. Ducimus voluptatem sunt nulla voluptas error. Eligendi mollitia quisquam doloremque aut eius assumenda perspiciatis.','2021-05-16 18:23:05'),(162,66,64,'Quia occaecati magni recusandae dolores. Et molestias illo et impedit sed. Perspiciatis omnis recusandae veniam cumque rerum.','2021-05-16 18:23:05'),(163,22,82,'Necessitatibus dicta qui eius qui dolores. Ut atque repellat voluptas atque. Qui quo ut accusamus officiis.','2019-10-05 05:55:54'),(164,82,66,'Incidunt recusandae est voluptatem quasi voluptatibus. Nostrum maiores est et. Vero eveniet possimus dolorum laudantium. Est eius quis aut totam autem placeat quam.','2021-05-16 18:23:05'),(165,33,68,'Illum aut accusantium commodi. Reiciendis consequatur amet dolor. Adipisci et velit error vero minima.','2021-05-16 18:23:05'),(166,9,80,'Consequuntur ut eos et ut enim. Ab modi non vel aperiam quo hic eaque quae. Doloribus porro exercitationem sed.','2021-05-16 18:23:05'),(167,71,4,'Odit quia unde ut. Magnam amet nulla dolorum quis quo soluta. Voluptas voluptas beatae qui similique vero aut ut. Ab quas sed non minima magni impedit perspiciatis.','2021-05-16 18:23:05'),(168,23,70,'Quis assumenda non corporis similique. Doloremque aliquam veniam nihil autem. Possimus ex quasi molestiae sed iusto. Qui tempore deserunt quos labore.','2021-05-16 18:23:05'),(169,48,28,'Quam quaerat dolores maxime est autem ab ea. Iusto quam non quas et sed. Cum aperiam praesentium enim minima illo necessitatibus consectetur. Dolorem explicabo sed vero officia repudiandae ut sit.','2021-05-16 18:23:05'),(170,17,42,'Consectetur delectus suscipit nulla ipsum velit. Quod qui nesciunt quisquam perspiciatis facere voluptatem. In deserunt et id. Voluptates voluptate modi modi vitae omnis quia ipsa voluptate. Delectus id dolorem omnis veritatis sint.','2021-05-16 18:23:05'),(171,61,84,'Ut quis maiores libero est dolores. Odio aperiam velit odit et quo. Et illum est temporibus nulla ducimus minima aliquam. Quidem quod quidem culpa quos.','2021-05-16 18:23:05'),(172,87,23,'Tempora fuga sed tempora est necessitatibus. Harum mollitia minima id. Ut ullam magni tempora veritatis magni et.','2021-05-16 18:23:05'),(173,73,27,'Quia numquam mollitia voluptatum quasi ut quis dolores sint. Delectus eveniet iure in nihil consequatur fuga voluptatem. Facilis eum molestias beatae quibusdam sunt. Quia nesciunt molestiae vitae ut facere aperiam.','2021-05-16 18:23:05'),(174,68,33,'Dolorem sint voluptatibus est vel. Ut vel ex expedita vero sint praesentium. Magnam nemo quod ducimus ut fugiat assumenda est esse.','2021-05-16 18:23:05'),(175,97,9,'Quae suscipit est eos fugit. Et necessitatibus sed omnis quos at sapiente. Explicabo sapiente voluptas qui ea beatae. Reprehenderit at ut mollitia inventore ut.','2021-05-16 18:23:05'),(176,64,80,'Inventore rem distinctio ratione dicta veniam sint ratione. Minus expedita itaque voluptas dolor.','2021-05-16 18:23:05'),(177,2,69,'Ad rerum deleniti qui occaecati sunt quisquam est est. Rerum maxime corporis at incidunt sunt id. Dolorem quam iure molestiae sit ut et et.','2021-05-16 18:23:05'),(178,46,25,'Aliquam repellendus similique consequatur facilis velit. A consequatur enim est recusandae voluptatem at. Nisi aliquam ut et natus fugiat cupiditate voluptatem.','2021-02-27 13:06:05'),(179,93,47,'Voluptas temporibus pariatur eius nam voluptas. Assumenda nobis dolorum sint rerum ut in. Possimus voluptatum aut quia inventore repellat et nulla. Sint aspernatur vel maiores nemo.','2021-05-16 18:23:05'),(180,79,15,'Omnis est culpa sequi deleniti et dolorem quae. Quisquam rerum laborum voluptatum voluptatem aut. Sint voluptates itaque consectetur. Ipsam impedit modi necessitatibus.','2021-05-16 18:23:05'),(181,73,66,'At quos voluptatem voluptas commodi. Recusandae voluptas voluptates rerum sunt blanditiis veniam rerum. Aut quo temporibus eos quis velit officia. Occaecati ut nihil enim dolor fugit perferendis.','2021-05-16 18:23:05'),(182,16,54,'Est ratione sapiente fugiat corporis. Neque ut et minima sit iusto. Ipsa iste dolores ex in quis et doloremque. Nesciunt ea et voluptatem ut.','2021-05-16 18:23:05'),(183,79,40,'Est minima sed voluptatem. Harum dolores temporibus id.','2021-05-16 18:23:05'),(184,53,5,'Et a in dolorem facilis et inventore. Rerum quibusdam incidunt voluptates et suscipit et dolores.','2021-05-16 18:23:05'),(185,63,23,'Saepe magni aut magnam quis laboriosam est. Alias aut aperiam quo atque neque aut. Consectetur consequatur sint et ipsam recusandae accusamus.','2018-06-11 08:25:55'),(186,14,7,'Et totam iusto modi omnis non eveniet corrupti deleniti. Saepe provident illum aliquid. Tempora asperiores aut voluptate quia non occaecati. Eligendi sed voluptatem ratione omnis ut. Non voluptatem consequuntur sit qui.','2021-05-16 18:23:05'),(187,32,73,'Eius corporis est id porro aut. Ipsa autem voluptatem provident consequuntur est asperiores. Mollitia voluptates recusandae possimus nemo in ut dignissimos. Voluptas dolores ullam molestiae nesciunt qui quis.','2021-05-16 18:23:05'),(188,83,96,'Fugiat quasi in omnis quasi perspiciatis ut. Nam qui quia dolorem autem. Ipsa eum rem ipsam error rem suscipit. Velit numquam praesentium adipisci quidem magnam sint.','2021-05-16 18:23:05'),(189,57,51,'Non rerum nulla consectetur incidunt. Accusantium officiis nostrum voluptatum cum sequi ut. Quidem hic minima omnis delectus sequi placeat et. Cumque fugiat dicta quia eos.','2021-05-16 18:23:05'),(190,20,70,'Aliquid ut repudiandae modi nisi culpa. Temporibus distinctio sit aspernatur deserunt qui pariatur ab nisi. Beatae ratione molestiae repellendus id aut dolorum. Voluptate omnis sapiente praesentium ut expedita.','2021-05-16 18:23:05'),(191,38,75,'Ad fuga labore officia. Blanditiis non sunt temporibus soluta. Doloremque nihil incidunt eveniet assumenda.','2021-05-16 18:23:05'),(192,59,27,'Sapiente officiis sit voluptatem iusto natus fuga. Mollitia distinctio corporis mollitia facilis eius ipsam. Qui aut vero illum consequatur enim.','2021-05-16 18:23:05'),(193,94,65,'Asperiores autem commodi culpa. Non fuga sunt doloremque laborum ut iusto perferendis.','2021-05-16 18:23:05'),(194,26,39,'Est quia odit quasi fugit suscipit. Quia error sit enim qui nemo ullam. Eaque corporis voluptas hic et. Deleniti facilis dolorem quia consequatur quia ipsa distinctio.','2021-05-16 18:23:05'),(195,68,80,'Voluptas dolores explicabo facilis provident sed. Sint sed quia beatae dolores.','2021-05-16 18:23:05'),(196,58,36,'Ducimus dolorem eos quam odit ea inventore. Id voluptas ut dolores mollitia ut. Quo quis ad magni. Quibusdam neque voluptatem voluptatem.','2021-05-16 18:23:05'),(197,20,91,'Ut voluptates occaecati odio voluptas quo. Atque expedita nihil voluptas distinctio non. Magnam quos consequuntur temporibus incidunt quis autem est. Sed et inventore quo aspernatur.','2021-05-16 18:23:05'),(198,21,47,'Incidunt rerum eligendi unde rerum. Quibusdam dolor ut facere. Sint dolores nulla est quidem earum ut voluptatum.','2021-05-16 18:23:05'),(199,90,45,'Earum rem facilis consectetur quisquam et incidunt accusantium ullam. Tempora fugit minus qui veniam ea et nihil. Sit ex omnis fuga error itaque dolorum illo. Veritatis esse id iusto culpa aperiam.','2021-05-16 18:23:05'),(200,71,88,'Repudiandae est earum id illum odio explicabo. Voluptate ut quia dolorem est. Aperiam saepe et corporis occaecati asperiores vel. Doloremque consequatur quibusdam ea eos.','2021-05-16 18:23:05');
/*!40000 ALTER TABLE `messages` ENABLE KEYS */;
UNLOCK TABLES;

--
-- Table structure for table `profiles`
--

DROP TABLE IF EXISTS `profiles`;
/*!40101 SET @saved_cs_client     = @@character_set_client */;
/*!50503 SET character_set_client = utf8mb4 */;
CREATE TABLE `profiles` (
  `user_id` int unsigned NOT NULL COMMENT '╨б╤Б╤Л╨╗╨║╨░ ╨╜╨░ ╨┐╨╛╨╗╤М╨╖╨╛╨▓╨░╤В╨╡╨╗╤П',
  `avatar_id` int DEFAULT NULL COMMENT 'C╤Б╤Л╨╗╨║╨░ ╨╜╨░ ╨░╨▓╨░╤В╨░╤А ╨▓ ╤В╨░╨▒╨╗╨╕╤Ж╨╡ media',
  `nickname` varchar(100) CHARACTER SET utf8mb4 COLLATE utf8mb4_unicode_ci NOT NULL COMMENT '╨Э╨╕╨║╨╜╨╡╨╣╨╝',
  `gender` enum('m','f') CHARACTER SET utf8mb4 COLLATE utf8mb4_unicode_ci NOT NULL COMMENT '╨Я╨╛╨╗',
  `birthday` date DEFAULT NULL COMMENT '╨Ф╨░╤В╨░ ╤А╨╛╨╢╨┤╨╡╨╜╨╕╤П',
  `favorite_film` int unsigned NOT NULL COMMENT '╨б╤Б╤Л╨╗╨║╨░ ╨╜╨░ ╤Д╨╕╨╗╤М╨╝',
  `count_viewed_films` int DEFAULT NULL COMMENT '╨Ъ╨╛╨╗╨╕╤З╨╡╤Б╤В╨▓╨╛ ╨┐╤А╨╛╤Б╨╝╨╛╤В╤А╨╡╨╜╨╜╤Л╤Е ╤Д╨╕╨╗╤М╨╝╨╛╨▓',
  `count_likes` int DEFAULT NULL COMMENT '╨Ъ╨╛╨╗╨╕╤З╨╡╤Б╤В╨▓╨╛ ╨╛╤Ж╨╡╨╜╨╛╨║ ╤Д╨╕╨╗╤М╨╝╨╛╨▓',
  `updated_at` datetime DEFAULT CURRENT_TIMESTAMP ON UPDATE CURRENT_TIMESTAMP COMMENT '╨Т╤А╨╡╨╝╤П ╨╕╨╖╨╝╨╡╨╜╨╡╨╜╨╕╤П ╨┐╤А╨╛╤Д╨╕╨╗╤П',
  PRIMARY KEY (`user_id`),
  UNIQUE KEY `nickname` (`nickname`),
  UNIQUE KEY `avatar_id` (`avatar_id`),
  KEY `favorite_film_id_fk` (`favorite_film`),
  CONSTRAINT `favorite_film_id_fk` FOREIGN KEY (`favorite_film`) REFERENCES `films` (`id`) ON DELETE CASCADE,
  CONSTRAINT `profiles_user_id_fk` FOREIGN KEY (`user_id`) REFERENCES `users` (`id`) ON DELETE CASCADE
) ENGINE=InnoDB DEFAULT CHARSET=utf8mb4 COLLATE=utf8mb4_unicode_ci COMMENT='╨Я╤А╨╛╤Д╨╕╨╗╨╕';
/*!40101 SET character_set_client = @saved_cs_client */;

--
-- Dumping data for table `profiles`
--

LOCK TABLES `profiles` WRITE;
/*!40000 ALTER TABLE `profiles` DISABLE KEYS */;
INSERT INTO `profiles` VALUES (1,31,'quia','m','1987-05-09',47,45,53,'2019-05-18 09:46:21'),(2,98,'culpa','m','1934-04-22',46,61,12,'2019-04-17 09:43:15'),(3,24,'rem','f','2000-09-14',98,15,55,'2021-05-16 17:07:08'),(4,99,'omnis','f','2015-05-28',20,31,63,'2021-01-17 07:07:32'),(5,85,'enim','m','1958-01-11',99,4,36,'2021-05-16 17:07:08'),(6,51,'doloribus','f','1951-11-18',75,94,80,'2021-05-16 17:07:08'),(7,30,'unde','f','1967-11-30',65,20,35,'2021-05-16 17:07:08'),(8,42,'nemo','m','2013-04-18',49,93,20,'2020-04-25 11:13:12'),(9,100,'et','f','1967-02-03',31,61,18,'2012-03-25 17:14:52'),(10,39,'non','m','1988-02-24',67,57,76,'2020-01-04 23:55:11'),(11,52,'commodi','m','1965-07-17',90,37,71,'2021-05-16 17:07:08'),(12,5,'eos','m','1992-04-27',6,38,98,'2019-01-22 21:11:14'),(13,53,'corrupti','m','2010-11-18',69,66,25,'2020-09-03 14:57:20'),(14,84,'molestiae','f','1975-01-23',58,93,26,'2021-05-16 17:07:08'),(15,90,'exercitationem','f','1946-01-15',33,64,22,'2021-05-16 17:07:08'),(16,1,'ad','m','1992-01-06',85,96,90,'2021-05-16 17:07:08'),(17,58,'excepturi','m','2000-10-05',86,28,92,'2021-05-16 17:07:08'),(18,95,'aut','f','2008-01-12',12,79,23,'2021-05-16 17:07:08'),(19,72,'nisi','m','2006-10-31',6,6,100,'2019-11-13 00:42:08'),(20,91,'perferendis','f','1984-10-19',3,5,87,'2021-05-16 17:07:08'),(21,82,'accusantium','f','1954-02-22',20,68,48,'2019-01-14 10:24:05'),(22,32,'dignissimos','m','1923-06-24',2,69,35,'2021-05-16 17:07:08'),(23,79,'id','f','1995-11-25',46,29,21,'2021-05-16 17:07:08'),(24,57,'vel','m','2005-02-10',59,60,27,'2021-05-16 17:07:08'),(25,6,'in','f','2012-09-05',63,27,71,'2021-05-16 17:07:08'),(26,8,'facilis','f','1961-10-04',47,16,59,'2018-10-14 05:16:58'),(27,55,'fugiat','m','1967-09-11',77,42,71,'2021-05-16 17:07:08'),(28,94,'est','m','1932-09-18',83,2,35,'2021-05-16 17:07:08'),(29,81,'sit','f','1928-12-12',64,83,33,'2021-05-16 17:07:08'),(30,76,'ut','m','1998-01-12',42,98,97,'2017-07-22 21:14:35'),(31,4,'maxime','f','1945-08-03',64,80,73,'2021-05-16 17:07:08'),(32,36,'perspiciatis','m','1995-04-18',61,57,84,'2013-09-26 16:33:38'),(33,38,'rerum','f','1983-10-15',73,69,41,'2021-05-16 17:07:08'),(34,17,'cumque','m','1930-06-02',46,31,2,'2019-10-08 04:56:17'),(35,78,'quos','f','2008-07-07',39,83,8,'2012-07-10 20:16:15'),(36,47,'aliquam','m','1931-06-12',45,57,82,'2021-05-16 17:07:08'),(37,29,'eum','f','1952-11-20',1,94,3,'2018-04-01 07:25:10'),(38,11,'illum','m','2006-11-01',26,39,4,'2016-09-06 14:27:34'),(39,13,'placeat','f','2012-07-17',91,96,53,'2021-05-16 17:07:08'),(40,28,'eveniet','f','1974-07-08',26,44,93,'2021-05-16 17:07:08'),(41,61,'incidunt','m','1928-07-23',40,65,6,'2021-05-16 17:07:08'),(42,46,'expedita','m','2008-02-17',60,65,62,'2020-08-10 07:35:05'),(43,14,'animi','f','1931-12-28',22,42,69,'2017-06-11 19:14:20'),(44,87,'quas','m','1982-08-30',75,36,48,'2021-05-16 17:07:08'),(45,60,'sed','f','1965-10-25',60,22,62,'2021-05-16 17:07:08'),(46,37,'quae','m','1953-09-17',40,29,47,'2020-05-11 23:10:20'),(47,3,'nesciunt','f','1962-05-30',77,78,31,'2021-05-16 17:07:08'),(48,49,'veritatis','m','1985-03-04',56,5,67,'2021-05-16 17:07:08'),(49,9,'eaque','m','1953-03-21',43,28,69,'2021-05-16 17:07:08'),(50,69,'laborum','m','2001-03-31',1,29,3,'2016-07-08 01:37:43'),(51,12,'ea','m','1974-07-14',9,33,76,'2020-09-25 02:13:32'),(52,25,'maiores','f','1973-05-05',70,91,97,'2018-01-07 14:53:15'),(53,97,'ab','m','1923-01-17',73,33,69,'2021-05-16 17:07:08'),(54,66,'corporis','m','1965-11-28',55,27,61,'2019-11-12 03:30:41'),(55,83,'nam','f','1943-02-11',74,95,86,'2021-05-16 17:07:08'),(56,86,'voluptatem','f','2007-02-18',37,4,97,'2021-05-16 17:07:08'),(57,70,'suscipit','m','1931-03-22',1,80,7,'2017-04-26 04:35:15'),(58,18,'provident','f','1926-08-07',13,96,88,'2021-05-16 17:07:08'),(59,54,'qui','m','1954-09-23',91,65,92,'2021-05-16 17:07:08'),(60,34,'natus','m','2019-08-03',97,43,86,'2021-05-16 20:26:19'),(61,88,'nihil','m','1972-03-19',29,16,12,'2015-12-10 14:41:02'),(62,71,'ducimus','m','1989-11-04',14,89,79,'2019-06-21 15:53:14'),(63,19,'atque','m','1948-10-11',62,10,41,'2020-05-02 19:52:43'),(64,22,'deleniti','m','1983-04-09',67,79,20,'2021-05-16 17:07:08'),(65,68,'delectus','f','1982-11-11',64,30,18,'2019-08-24 08:58:56'),(66,33,'voluptates','f','1963-09-18',48,78,97,'2021-05-16 17:07:08'),(67,20,'beatae','f','2018-03-04',60,4,47,'2021-05-16 20:26:19'),(68,2,'assumenda','f','1926-10-15',100,7,13,'2019-04-23 18:57:14'),(69,64,'officia','f','1940-11-10',45,65,39,'2021-05-16 17:07:08'),(70,35,'harum','f','1967-12-16',40,41,54,'2020-10-24 22:04:08'),(71,77,'magnam','f','1980-01-29',57,49,44,'2021-05-16 17:07:08'),(72,56,'blanditiis','f','1972-11-29',95,86,68,'2013-08-17 20:35:21'),(73,65,'autem','f','1992-06-26',93,3,38,'2015-12-22 22:54:25'),(74,43,'at','m','1941-07-24',17,30,31,'2021-05-16 17:07:08'),(75,73,'esse','m','1992-05-16',70,17,12,'2021-05-16 17:07:08'),(76,10,'tenetur','f','1997-08-27',28,2,62,'2018-08-29 17:55:22'),(77,21,'quo','f','1921-10-07',13,86,5,'2020-07-31 16:20:34'),(78,67,'dolorem','f','1980-09-30',47,17,22,'2021-05-16 17:07:08'),(79,48,'consequuntur','f','2001-11-05',64,45,36,'2020-09-14 10:55:11'),(80,45,'libero','m','2004-03-09',26,83,26,'2021-04-04 18:29:39'),(81,15,'repellat','m','1964-11-19',30,49,79,'2021-05-16 17:07:08'),(82,62,'porro','m','1947-10-12',36,32,9,'2016-11-25 04:00:17'),(83,26,'quis','f','1924-08-27',53,13,1,'2019-04-08 19:40:47'),(84,75,'explicabo','f','2003-04-26',10,39,1,'2016-06-29 23:17:53'),(85,40,'ipsam','f','1949-06-15',15,21,55,'2017-05-10 01:03:58'),(86,50,'dolorum','f','1975-02-23',1,9,53,'2021-05-16 17:07:08'),(87,74,'quam','f','1959-08-01',25,55,46,'2018-08-26 09:17:27'),(88,7,'numquam','f','1969-03-08',10,14,15,'2021-05-16 17:07:08'),(89,93,'itaque','m','1996-04-07',98,8,4,'2021-05-16 17:07:08'),(90,23,'velit','m','1992-02-13',93,61,27,'2021-05-16 17:07:08'),(91,89,'voluptas','f','1993-09-21',61,56,62,'2019-08-02 06:50:36'),(92,63,'quibusdam','f','1973-06-09',78,64,36,'2021-05-16 17:07:08'),(93,96,'asperiores','m','2012-12-16',53,100,12,'2021-05-16 17:07:08'),(94,59,'labore','m','2006-12-31',84,18,12,'2021-05-16 17:07:08'),(95,80,'consequatur','m','1975-01-21',75,85,73,'2018-09-24 14:32:39'),(96,16,'nulla','m','1965-03-31',86,98,34,'2021-05-16 17:07:08'),(97,27,'illo','f','1981-10-16',5,62,36,'2020-11-21 17:54:12'),(98,44,'reprehenderit','m','1968-09-24',62,69,7,'2021-05-16 17:07:08'),(99,92,'sapiente','m','2004-07-05',77,89,14,'2021-05-16 17:07:08'),(100,41,'minima','m','1970-03-14',95,91,87,'2016-08-05 16:25:35');
/*!40000 ALTER TABLE `profiles` ENABLE KEYS */;
UNLOCK TABLES;

--
-- Table structure for table `recommendation`
--

DROP TABLE IF EXISTS `recommendation`;
/*!40101 SET @saved_cs_client     = @@character_set_client */;
/*!50503 SET character_set_client = utf8mb4 */;
CREATE TABLE `recommendation` (
  `film_id` int unsigned NOT NULL COMMENT '╨б╤Б╤Л╨╗╨║╨░ ╨╜╨░ ╤А╨╡╨║╨╛╨╝╨╡╨╜╨┤╤Г╨╡╨╝╤Л╨╣ ╤Д╨╕╨╗╤М╨╝',
  `user_id` int unsigned NOT NULL COMMENT '╨б╤Б╤Л╨╗╨║╨░ ╨╜╨░ ╨┐╨╛╨╗╤Г╤З╨░╤В╨╡╨╗╤П ╤А╨╡╨║╨╛╨╝╨╡╨╜╨┤╨░╤Ж╨╕╨╕',
  KEY `recommendation_users_id_fk` (`user_id`),
  KEY `film_from_recommendation_id_fk` (`film_id`),
  CONSTRAINT `film_from_recommendation_id_fk` FOREIGN KEY (`film_id`) REFERENCES `films` (`id`) ON DELETE CASCADE,
  CONSTRAINT `recommendation_users_id_fk` FOREIGN KEY (`user_id`) REFERENCES `users` (`id`) ON DELETE CASCADE
) ENGINE=InnoDB DEFAULT CHARSET=utf8mb4 COLLATE=utf8mb4_unicode_ci COMMENT='╨в╨░╨▒╨╗╨╕╤Ж╨░ ╨┤╤А╤Г╨╢╨▒╤Л';
/*!40101 SET character_set_client = @saved_cs_client */;

--
-- Dumping data for table `recommendation`
--

LOCK TABLES `recommendation` WRITE;
/*!40000 ALTER TABLE `recommendation` DISABLE KEYS */;
INSERT INTO `recommendation` VALUES (1,23),(2,28),(3,58),(4,62),(5,83),(6,42),(7,79),(8,62),(9,93),(10,2),(11,3),(12,46),(13,35),(14,2),(15,93),(16,83),(17,41),(18,74),(19,91),(20,90),(21,45),(22,8),(23,10),(24,27),(25,27),(26,100),(27,9),(28,84),(29,86),(30,12),(31,70),(32,40),(33,24),(34,98),(35,56),(36,6),(37,70),(38,86),(39,58),(40,48),(41,48),(42,25),(43,61),(44,97),(45,41),(46,51),(47,32),(48,37),(49,55),(50,87),(51,32),(52,36),(53,85),(54,20),(55,12),(56,14),(57,94),(58,22),(59,58),(60,74),(61,85),(62,20),(63,31),(64,63),(65,29),(66,53),(67,33),(68,52),(69,95),(70,22),(71,80),(72,68),(73,97),(74,70),(75,59),(76,88),(77,68),(78,59),(79,33),(80,27),(81,44),(82,93),(83,17),(84,74),(85,79),(86,73),(87,64),(88,88),(89,34),(90,7),(91,94),(92,73),(93,90),(94,37),(95,63),(96,63),(97,14),(98,9),(99,34),(100,23);
/*!40000 ALTER TABLE `recommendation` ENABLE KEYS */;
UNLOCK TABLES;

--
-- Table structure for table `review`
--

DROP TABLE IF EXISTS `review`;
/*!40101 SET @saved_cs_client     = @@character_set_client */;
/*!50503 SET character_set_client = utf8mb4 */;
CREATE TABLE `review` (
  `id` int unsigned NOT NULL AUTO_INCREMENT COMMENT '╨Ш╨┤╨╡╨╜╤В╨╕╤Д╨╕╨║╨░╤В╨╛╤А ╤Б╤В╤А╨╛╨║╨╕',
  `user_id` int unsigned NOT NULL COMMENT '╨б╤Б╤Л╨╗╨║╨░ ╨╜╨░ ╨░╨▓╤В╨╛╤А╨░',
  `film_id` int unsigned NOT NULL COMMENT '╨б╤Б╤Л╨╗╨║╨░ ╨╜╨░ ╤Д╨╕╨╗╤М╨╝',
  `head` varchar(255) CHARACTER SET utf8mb4 COLLATE utf8mb4_unicode_ci DEFAULT NULL COMMENT '╨Ч╨░╨│╨╛╨╗╨╛╨▓╨╛╨║ ╤А╨╡╤Ж╨╡╨╜╨╖╨╕╨╕',
  `body` text CHARACTER SET utf8mb4 COLLATE utf8mb4_unicode_ci NOT NULL COMMENT '╨в╨╡╨║╤Б╤В ╤А╨╡╤Ж╨╡╨╜╨╖╨╕╨╕',
  `is_rating` int unsigned NOT NULL COMMENT '╨Ю╤Ж╨╡╨╜╨║╨░ ╤Д╨╕╨╗╤М╨╝╤Г',
  `created_at` datetime DEFAULT CURRENT_TIMESTAMP COMMENT '╨Ф╨░╤В╨░ ╤Б╨╛╨╖╨┤╨░╨╜╨╕╤П',
  PRIMARY KEY (`id`),
  KEY `review_from_users_id_fk` (`user_id`),
  KEY `film_from_review_id_fk` (`film_id`),
  CONSTRAINT `film_from_review_id_fk` FOREIGN KEY (`film_id`) REFERENCES `films` (`id`) ON DELETE CASCADE,
  CONSTRAINT `review_from_users_id_fk` FOREIGN KEY (`user_id`) REFERENCES `users` (`id`) ON DELETE CASCADE
) ENGINE=InnoDB AUTO_INCREMENT=101 DEFAULT CHARSET=utf8mb4 COLLATE=utf8mb4_unicode_ci COMMENT='╨а╨╡╤Ж╨╡╨╜╨╖╨╕╨╕';
/*!40101 SET character_set_client = @saved_cs_client */;

--
-- Dumping data for table `review`
--

LOCK TABLES `review` WRITE;
/*!40000 ALTER TABLE `review` DISABLE KEYS */;
INSERT INTO `review` VALUES (1,70,44,'Sequi itaque ut et pariatur.','Quidem recusandae architecto provident omnis sunt repellat deserunt eos. Velit eos recusandae deleniti beatae quis illum. Consequatur labore sint qui ea molestiae corrupti est.',1,'2021-05-16 21:21:38'),(2,78,52,'Vitae distinctio consectetur eos id harum dolores.','Omnis inventore facere incidunt atque et quis est. Voluptatum tempore omnis et quo possimus. Iste culpa non et vel.',1,'2021-05-16 21:21:38'),(3,80,72,'Commodi et minima dolorem voluptatum fuga non.','Dolore delectus cum sunt est voluptatem. Molestiae velit quo omnis cum et a officia iusto. Dolores incidunt est porro ut. Exercitationem minus illum culpa sint est nulla.',0,'2021-05-16 18:33:19'),(4,86,51,'Sunt facere totam asperiores molestias provident ullam non.','Eos expedita rerum laudantium provident qui adipisci sed. Aperiam eum facilis dolorem eaque. Necessitatibus accusamus quis consequatur perspiciatis. Cum expedita fugiat sint qui eveniet facilis. Eaque nemo aperiam est.',1,'2021-05-16 18:33:19'),(5,93,51,'Vero quas porro iste ex.','Velit laudantium reiciendis velit. Molestias qui asperiores non commodi omnis. Corporis quibusdam eos est perspiciatis. Itaque unde ipsum incidunt doloribus sunt corrupti ea amet. Autem iure a omnis.',1,'2021-05-16 18:33:19'),(6,84,90,'Illo deserunt rerum libero harum.','Non eius dolores quod at ab quo dolores. Hic fugit amet sit. Ipsam non optio ex eligendi omnis.',0,'2021-05-16 18:33:19'),(7,50,27,'Maiores enim ut cum.','Esse est vitae illum earum officiis. Porro est molestiae beatae perferendis. Vitae veniam expedita repellendus sint ut dignissimos. Ut est maiores qui commodi mollitia sunt iste.',0,'2021-05-16 21:21:38'),(8,76,11,'Ea sit impedit est sapiente.','Libero a optio ducimus dolorum. Occaecati ut et voluptatem quia magnam explicabo. Possimus quia quis temporibus sed consequatur.',0,'2021-05-16 18:33:19'),(9,28,70,'Libero distinctio perferendis saepe cum occaecati quia aliquam distinctio.','Eius omnis voluptas non molestiae quia unde sint in. Placeat ducimus assumenda voluptas voluptates reprehenderit. Repellat consequuntur et quam dolore aut. Id ipsa cupiditate eos totam eaque labore.',0,'2021-05-16 18:33:19'),(10,42,27,'Assumenda numquam qui delectus.','Tempore est maiores laboriosam quae est minus. Consequatur libero dignissimos incidunt repudiandae rerum. Excepturi perferendis qui veniam dolorem deleniti vitae in officia. Enim unde qui aut similique sed incidunt quos.',0,'2021-05-16 21:21:38'),(11,72,73,'Corporis nemo cupiditate delectus consectetur.','Sint consequatur facilis et non. Eveniet consequatur reiciendis quas exercitationem suscipit sit. Qui illo minus ullam nihil. In est incidunt ut impedit consequatur quaerat voluptates.',1,'2021-05-16 21:21:38'),(12,6,75,'Dolor aut aut aut temporibus veritatis vel non.','Necessitatibus consectetur eum asperiores quia qui soluta. Excepturi aperiam iste aperiam. Ratione aspernatur est sint tempora ullam.',0,'2021-05-16 21:21:38'),(13,77,41,'Et temporibus fugit dolorem nobis eos accusantium dicta.','Architecto assumenda sint perspiciatis sit dolores. Sed ut qui officia. Repellat quod commodi fuga voluptatem.',1,'2021-05-16 18:33:19'),(14,71,78,'Blanditiis id tempora ut molestias exercitationem enim.','Quia consequatur repellat quia perferendis praesentium. Dolores deserunt commodi et dolorem molestiae quidem illo. Suscipit dolores ad eum itaque tempora aspernatur sint.',0,'2021-05-16 18:33:19'),(15,49,62,'Veniam perspiciatis dolores nobis officia exercitationem.','Eligendi quia consequatur quo rerum placeat atque id sed. Dolor ut voluptate repellat. Unde dolores aut nisi assumenda eaque. Eum vitae non omnis officia ut sit rem assumenda. Sint accusamus inventore vitae aliquam in.',1,'2021-05-16 21:21:38'),(16,20,57,'Ex sit reiciendis molestiae amet inventore.','Placeat cum autem asperiores et. Ipsa molestiae ratione est dolorem sed explicabo. Facere voluptatem delectus eos aut molestiae impedit reiciendis.',1,'2021-05-16 18:33:19'),(17,70,42,'Hic et optio qui quaerat modi quia.','Eos delectus eos et. Qui cumque velit sunt ad mollitia non quo doloribus. Repellat dolore ipsa architecto beatae.',0,'2021-05-16 20:26:31'),(18,38,76,'Nulla a ut omnis ipsa voluptas commodi.','Quo sunt est eos eum. Repellendus autem consequuntur quia odit in ea vel. Eaque earum qui tempore tempore. Deleniti et ea placeat consequatur. Tenetur enim possimus aut itaque.',0,'2021-05-16 21:21:38'),(19,84,80,'At porro distinctio aperiam aliquam.','Aut est atque et. Porro distinctio necessitatibus laboriosam tempore et fugiat adipisci laborum. Quo sint nihil dolore quas iusto nostrum.',0,'2021-05-16 21:21:38'),(20,71,37,'Iusto in id dolor sunt eos.','Esse aut est omnis aut necessitatibus sint. Mollitia mollitia quo excepturi aliquid totam. Sit voluptas aut ut consequuntur blanditiis autem. Possimus corrupti perspiciatis quo natus reprehenderit neque. Ducimus ratione sed quasi est.',0,'2021-05-16 21:21:38'),(21,80,85,'Est a ipsam unde at ut.','Autem qui ullam eum omnis possimus magni. Ad eius magni libero ut amet natus. Possimus porro dolorum iste veniam.',0,'2021-05-16 18:33:19'),(22,64,99,'Labore aspernatur nam sint dolore nostrum quia iure.','Et vitae ex et nisi in. Repellendus laudantium delectus saepe rerum. Et consequatur voluptatem natus dolore dolorem perspiciatis.',0,'2021-05-16 18:33:19'),(23,46,87,'Rem voluptatem rerum sunt est.','Ad nam qui error perspiciatis et iste excepturi. Animi laudantium iure ut vel in. Sit totam aut et quibusdam eum minus. Est sed eaque et. Voluptatem ut aliquam eos non.',1,'2021-05-16 18:33:19'),(24,21,11,'Fugiat quibusdam qui reprehenderit et quod.','Qui eaque a magni assumenda delectus ut. Est ipsam occaecati atque rerum aut pariatur sapiente.',0,'2021-05-16 18:33:19'),(25,4,64,'Aut debitis architecto similique odio.','Numquam dicta qui dolor odio magnam fugiat id. Et et nulla ea et qui pariatur.',0,'2021-05-16 18:33:19'),(26,54,72,'Aspernatur aperiam commodi voluptatem in in alias.','Et assumenda voluptas at. Dignissimos eum et placeat sed.',0,'2021-05-16 18:33:19'),(27,87,61,'Eum tempore aspernatur dolorem qui omnis aut aut.','Voluptas sunt quasi praesentium odio modi. Eos qui quam ut asperiores. Quod et iure eligendi quia dolorem.',1,'2021-05-16 21:21:38'),(28,8,10,'Voluptas assumenda commodi vero reprehenderit reiciendis eos.','Et cupiditate laborum voluptas. Hic et nisi exercitationem est et. Et a ipsum et pariatur est rerum sit. Tenetur sapiente qui perspiciatis saepe aliquam adipisci qui.',1,'2021-05-16 20:47:50'),(29,20,9,'Itaque atque molestiae occaecati fuga consequatur facilis.','Accusantium rerum pariatur voluptatibus dolorem officiis officia omnis. Sint nam omnis eum eveniet explicabo labore. Aut illum accusamus repellat libero expedita quibusdam.',0,'2020-02-29 13:27:57'),(30,70,43,'Dolore ducimus voluptatibus natus distinctio.','Optio assumenda dignissimos quaerat non. Dolorem voluptatem dolore voluptatem fugit quo quod quisquam suscipit. Voluptatem omnis iste aut repellendus eius natus qui.',1,'2021-05-16 18:33:19'),(31,47,27,'Rerum itaque tenetur iure est.','Sed blanditiis modi ad sed dolorum dicta corrupti amet. Tempora libero totam nisi nam aperiam dolor qui. Sint magni voluptate rerum tempore est sunt a.',1,'2021-05-16 21:21:38'),(32,24,50,'Cum aperiam ut facilis culpa molestiae quisquam.','Voluptatem temporibus voluptate error cum et. Beatae voluptatibus voluptatum est ut. Error aut repudiandae ut asperiores aut eos.',0,'2021-05-16 21:21:38'),(33,8,68,'Unde nisi ut corporis facere dolorem quis.','Quos illum qui autem aspernatur ex velit aut. Voluptatibus non voluptatum animi iusto eos nihil quaerat. Dolorum enim culpa vel eligendi iusto praesentium saepe.',1,'2021-01-29 16:48:04'),(34,43,43,'Sint magnam sed autem debitis dolorem.','Quo aperiam porro et maiores earum. Optio nihil enim autem illum ullam. Ipsa ut magni atque illo.',0,'2021-05-16 18:33:19'),(35,94,6,'Porro autem reiciendis odit vero.','Et iure aut qui molestiae voluptatem optio totam perferendis. Dicta ea iusto quae ipsa. Soluta in temporibus incidunt impedit dolorum quia et.',1,'2021-05-16 20:26:31'),(36,16,21,'Vel dolore fugit et et quos.','Nostrum nisi quisquam iusto vel aut eligendi voluptatem. Totam cupiditate ad sed laborum sunt minus. Aliquam nostrum nihil et rem odio.',0,'2021-05-16 18:33:19'),(37,14,87,'Et nihil accusamus et commodi fugit.','Consequatur ipsa perspiciatis eaque iusto beatae. Et ex dignissimos quo ut voluptatem pariatur nihil. Autem quasi nesciunt aut hic culpa officia voluptatem veritatis.',1,'2021-05-16 18:33:19'),(38,65,54,'Ut eum libero quae quaerat porro soluta.','Saepe vel dolore ut perferendis. Quaerat ipsa corporis est non assumenda magni. In ullam aut libero nemo adipisci deserunt.',0,'2021-05-16 20:47:50'),(39,3,54,'Labore deleniti sunt ullam reiciendis reprehenderit deserunt quibusdam.','Autem qui molestiae cupiditate tempore. At deserunt rerum ea eos. Quisquam culpa inventore dolores eveniet expedita eaque et.',0,'2021-05-16 20:47:50'),(40,31,55,'Qui magnam sed exercitationem laudantium.','Aliquid aut consequatur nostrum qui. Eum repudiandae rerum omnis ea. Animi omnis dolor illum accusantium et inventore.',0,'2021-05-16 18:33:19'),(41,10,42,'Ut incidunt eveniet et voluptas ullam ipsum libero fugit.','Quas sit dolorum necessitatibus neque eum omnis qui. Earum veritatis et odio. Qui consectetur harum debitis rem quidem repudiandae occaecati.',1,'2021-05-16 20:26:31'),(42,58,98,'Deserunt ipsum ipsa quod ad eum nostrum dolor.','Rerum id molestiae nesciunt. Voluptas quia perspiciatis sit dignissimos possimus culpa deleniti. Provident eos aut id veritatis. Officiis quae non excepturi adipisci iste suscipit ea.',1,'2021-05-16 21:21:38'),(43,59,26,'Soluta assumenda odit ut aliquam porro.','Incidunt nesciunt deleniti nihil enim aperiam dolores unde ut. Et suscipit culpa perferendis modi voluptatem. Sunt ut aspernatur quis suscipit corrupti molestiae voluptatum.',0,'2021-05-16 18:33:19'),(44,47,57,'Omnis ea ratione laudantium alias officiis eligendi.','Dolorum illum animi nostrum quia consequatur quia enim. Quos est corporis doloremque similique dolor numquam est repellat. Quae illo dolores quae iste. Eveniet deleniti fugiat natus natus maiores omnis.',0,'2021-05-16 18:33:19'),(45,27,53,'Ea ut aliquam ut quos quaerat dignissimos non.','Sed itaque dolor omnis velit et nemo. Et iste suscipit enim itaque voluptas quia. Incidunt est quia ipsum eum et.',0,'2021-05-16 21:21:38'),(46,18,52,'Voluptatem et voluptatem non est quidem ea nisi est.','Adipisci similique et qui quo. Quo quae porro omnis repellendus similique minus voluptatem. Facilis sunt neque accusantium placeat aut harum. Soluta repudiandae optio esse qui doloremque eos.',1,'2021-05-16 21:21:38'),(47,65,13,'Vel et esse voluptas aut aperiam.','Occaecati quo quia dolores dolore dolore eos. A sit vel in est dolor voluptate beatae laboriosam. Eius inventore reprehenderit velit quasi similique molestiae aut laboriosam.',0,'2021-05-16 18:33:19'),(48,99,4,'Sint quasi id repudiandae.','Assumenda unde atque eligendi officia sit qui. Dolorem eligendi sit omnis exercitationem aut enim qui. Ullam corporis rerum quisquam neque. Quisquam corporis sequi architecto dignissimos.',0,'2021-05-16 18:33:19'),(49,76,35,'At eaque exercitationem et.','Eveniet sint sed labore sint. Corrupti a id iusto ut quae dolore. Neque in aut facere voluptas. Dolores facere voluptate debitis aperiam quia ut quo.',1,'2021-05-16 21:21:38'),(50,7,6,'Et iusto qui ab molestiae.','Dolorum minima magni doloribus a reprehenderit consequuntur voluptas officiis. Quas quasi quasi veritatis occaecati. Dolorum et sit laudantium et et. Porro ipsum hic et tempore magnam.',1,'2021-05-16 20:26:31'),(51,43,6,'Consequuntur quis error omnis voluptatum fugit non.','Et rem consequatur quos repellat. Quis sed harum nihil quis fugit. Aperiam qui ad impedit ut beatae quas. Excepturi error aperiam fuga incidunt ullam cumque.',0,'2021-05-16 20:26:31'),(52,44,97,'Ad doloremque qui illo odit voluptates quia culpa.','Ratione tenetur ex sunt ipsam mollitia doloribus. Atque iure ea voluptas sit. Minus id consequatur impedit iure.',0,'2021-03-11 23:53:55'),(53,24,49,'Qui vero maxime sunt consequatur autem nisi eveniet.','Quo quibusdam repudiandae ab. Aut velit libero aut modi quaerat et. Non iure voluptas nobis ut in similique provident officia.',1,'2021-05-16 18:33:19'),(54,16,87,'Delectus sit nobis sed quo iure.','Ipsum ad rem aut adipisci dignissimos dolor voluptatum recusandae. Accusamus molestias quisquam nihil maxime commodi. Error dolorem non quos.',0,'2021-05-16 18:33:19'),(55,46,25,'Aut aut corrupti dicta dolore qui sunt iste ipsum.','Nostrum explicabo rerum nisi voluptatem blanditiis. Et nihil sed sit qui dolorem rerum possimus. Exercitationem laudantium ipsam nihil nihil iste. Sed reiciendis voluptatem quo accusantium voluptatum natus hic voluptatem.',1,'2021-05-16 21:21:38'),(56,50,98,'Consequuntur qui quo dignissimos provident natus aliquam deleniti omnis.','Consequuntur corporis eaque dolorem adipisci commodi aut unde sunt. Illum qui atque corporis similique aliquam.',0,'2021-05-16 21:21:38'),(57,32,97,'Nulla debitis sed doloribus quod ipsa sit.','Quia quia culpa laborum. Quisquam ea voluptas praesentium ipsa recusandae. Qui culpa in non quis vero pariatur ut. Itaque voluptatum tenetur rerum aliquid ipsa quos. Facere quo placeat itaque architecto praesentium.',1,'2021-05-16 21:21:38'),(58,2,80,'Ab aut et illo sunt delectus tenetur.','Dolor laudantium voluptas et consectetur consequatur neque. Velit aut quos debitis nulla fugiat sed labore reprehenderit. Repellat ipsa non at est maxime enim dolores. Asperiores ipsa quisquam et.',1,'2021-05-16 21:21:38'),(59,82,76,'Et reprehenderit similique maiores vero aspernatur.','Ab magni eos et ut. Ex alias expedita eaque eos modi. Illo ratione est explicabo. Odio incidunt saepe ducimus odio quasi.',1,'2021-05-16 21:21:38'),(60,43,27,'Id et nam praesentium explicabo voluptas itaque ut doloremque.','Omnis sed sint voluptatem eum. Aliquam qui officia dolores voluptatem ab. Laudantium molestiae quam perspiciatis sint sed tenetur minima. Et a aut praesentium et.',0,'2021-05-16 21:21:38'),(61,78,32,'Quisquam molestias perspiciatis nam dicta et esse omnis.','Sed aut corrupti at voluptatem. Corporis ut aliquid aut sequi dolorum hic nesciunt. Expedita cumque voluptas quibusdam dolorem maiores voluptatem hic corrupti.',1,'2021-05-16 18:33:19'),(62,75,72,'Eum doloribus aut modi eveniet.','Vel vel quisquam aliquid fuga quidem. Omnis recusandae amet et quis illum atque accusamus. Eos dolore aut est rerum voluptatem hic.',0,'2021-05-16 18:33:19'),(63,36,86,'Quas pariatur sapiente dolorum.','Odit provident quo quasi modi. Voluptatum doloremque eum sed sint rerum ut odio impedit. Alias sint voluptas quia in ad. Velit et in at fugiat recusandae id id.',1,'2021-05-16 20:47:50'),(64,97,14,'Libero nesciunt corporis et accusamus.','Distinctio dolorem facilis nobis voluptatem. Dignissimos et possimus laboriosam dolorem praesentium quo excepturi. Recusandae commodi molestias ab illo exercitationem illum ipsam nostrum. Quos culpa iste reiciendis dolorem.',1,'2021-05-16 18:33:19'),(65,71,42,'Minus mollitia ex neque asperiores eum necessitatibus vel.','In laboriosam sed est quasi ea. Doloribus ab hic architecto quia. Deleniti fugit aut deserunt et ab rerum optio.',1,'2021-05-16 20:26:31'),(66,48,50,'Corrupti temporibus ut similique ut asperiores inventore sit autem.','Saepe eveniet ab eligendi. Qui fuga sunt totam veritatis ipsam maiores quo suscipit. Delectus odit est sequi dolore et. Ut animi vitae ratione laboriosam.',0,'2021-05-16 21:21:38'),(67,22,56,'Iure alias saepe possimus ab.','Aut dolor quia et voluptas esse molestias. Quas quas laboriosam quos voluptatem. Distinctio dolorum quia consequatur natus ut ab. Est aliquam consequuntur exercitationem doloremque vitae qui voluptas.',1,'2019-10-10 09:16:41'),(68,24,40,'Ducimus non odit debitis est quam pariatur.','Blanditiis ut et explicabo vel eaque unde asperiores. Dolores pariatur aut sint amet. Explicabo dignissimos excepturi est est.',0,'2020-10-03 03:31:43'),(69,74,75,'Sunt dolor veritatis voluptas omnis molestiae.','Quia quis eum possimus velit qui omnis vero. Voluptatem quia voluptate qui modi cum tenetur modi.',0,'2021-05-16 21:21:38'),(70,93,13,'Accusamus voluptatem maxime libero nihil est consequatur et.','Nisi sit facilis voluptatem. Perspiciatis reiciendis nam sint vel nostrum in eius. Sint numquam rerum perspiciatis et.',0,'2021-05-16 18:33:19'),(71,60,5,'Est vel eveniet quis consequatur.','Blanditiis placeat asperiores possimus voluptas. Omnis qui maiores ut facilis repudiandae. Eos qui maxime quos. Similique id blanditiis aliquid sit esse sint.',1,'2021-05-16 18:33:19'),(72,61,71,'Voluptas repudiandae suscipit et esse.','In minus quia ullam odit quae odit sit vero. Quam itaque sequi occaecati laborum explicabo. Tempore iste molestias libero ut molestias.',1,'2021-05-16 20:47:50'),(73,38,68,'Similique sed alias iusto labore optio culpa ullam cumque.','Deleniti earum sint et libero omnis soluta. Officiis non nesciunt et sed rerum perferendis libero. Libero expedita quis voluptates magni tenetur a.',0,'2021-04-05 03:54:50'),(74,43,96,'Et omnis aut recusandae tenetur qui.','Asperiores temporibus iure harum necessitatibus similique excepturi velit atque. Rerum quam id voluptatum similique dolor.',1,'2020-10-05 19:28:45'),(75,47,19,'Similique esse doloremque voluptates voluptatum.','Laborum officia temporibus consequuntur fuga molestiae. Aliquid animi autem quod optio sint quas quo. Quis voluptas modi deserunt excepturi. Sequi illo harum voluptate et laborum. Fugit eaque accusantium nobis nostrum commodi.',1,'2021-05-16 20:47:50'),(76,74,24,'Facere ut sit eius sed qui porro.','Et excepturi cum esse aut nihil est aut. Et ad ullam iste eaque. Totam voluptatum fugiat corporis rem eos aperiam.',1,'2021-05-16 21:21:38'),(77,5,40,'Enim veritatis excepturi aut tenetur illo ab fugiat.','Omnis distinctio hic nulla repellat quis omnis magnam. Vel ad inventore dolor aliquid architecto laudantium eius sequi. Ratione hic qui eos velit quia. Odio a quia cum explicabo.',1,'2021-05-16 18:33:19'),(78,11,96,'Voluptatem sint dolores ut dolores fuga qui eum.','Sunt placeat rerum pariatur doloribus sunt eaque. Ut sit nobis illum modi sunt dolorum. Ut ducimus qui perferendis rem.',1,'2021-05-16 18:33:19'),(79,2,82,'Eos dolore velit voluptate consectetur.','Ad esse officiis eveniet quo voluptatibus et quia. Veniam excepturi accusamus eos iusto. Voluptatum rerum molestias aut ut. Consequatur corrupti sapiente consequatur et. Molestiae at possimus est vel sunt quia.',0,'2021-05-16 18:33:19'),(80,52,10,'Sunt impedit quia non autem aspernatur dolorem ut.','Deleniti enim culpa cum doloribus. Qui est non occaecati omnis enim aperiam maiores.',1,'2021-05-16 20:47:50'),(81,84,21,'Dolorem cupiditate iusto perspiciatis non laboriosam.','Ut aperiam magni aut cum nisi. Libero dolorem quis eum esse omnis et pariatur. Expedita non laudantium fugit sed et. Velit et voluptate esse.',0,'2021-05-16 18:33:19'),(82,99,15,'Voluptas omnis quod amet alias iusto amet aliquam.','Optio ducimus reprehenderit quae nobis. Commodi repellendus odit ut in quos non voluptatibus. Explicabo molestiae incidunt ab necessitatibus sit natus. Nobis qui est ex quo officia.',0,'2021-05-16 21:21:38'),(83,8,42,'Reiciendis minus deleniti ea in adipisci.','Eligendi autem aspernatur molestiae minima aliquid excepturi. Magni non hic ex explicabo porro. Voluptatum earum nam voluptatem sit est sed. Numquam ad illum sit tempore molestiae sed. Quis excepturi ut debitis voluptate accusamus minus.',0,'2021-05-16 20:26:31'),(84,99,32,'Illum impedit omnis inventore natus.','Illo magnam quia ducimus sed ut explicabo. Aliquid architecto error perspiciatis fugit ab doloremque ipsam. Mollitia vel sit earum eum quia minus. Est unde perferendis dolores sit ut porro.',0,'2021-05-16 18:33:19'),(85,81,37,'Et repellat velit aut et.','Odio quibusdam non non odio nemo. Eum sequi maxime sapiente id veniam facilis iure consequatur. Corrupti deleniti officiis accusamus necessitatibus sunt earum soluta et. Nesciunt expedita architecto dignissimos qui ut atque velit inventore.',0,'2021-05-16 21:21:38'),(86,10,26,'Recusandae corporis labore ut sunt laborum nesciunt ea reiciendis.','Occaecati laboriosam id pariatur quidem blanditiis. Qui commodi laborum qui saepe consequuntur sit explicabo. Reiciendis incidunt iusto molestiae maxime repellendus. Officia aut aut placeat vel ducimus incidunt ut.',1,'2021-05-16 18:33:19'),(87,35,33,'Omnis officia saepe similique.','Rerum quo tempora occaecati quas repellendus. Est reiciendis in architecto vero laborum sint omnis. Molestiae a nostrum reprehenderit nihil et doloribus.',0,'2021-05-16 18:33:19'),(88,97,47,'Facilis perspiciatis sit ipsam harum expedita et alias.','Sed qui inventore culpa veritatis reiciendis nulla. Nulla dolores ex nemo est unde eos.',1,'2019-06-27 00:38:54'),(89,21,71,'Voluptatem facere similique sed.','Laudantium dolores quo non voluptatem doloremque iste. Harum quo eum voluptates repellat quasi qui est. Ipsa sed ab omnis asperiores dicta quibusdam impedit. Excepturi culpa quam qui vel quos.',1,'2021-05-16 20:47:50'),(90,12,7,'Incidunt nulla consequatur dicta sit sint cumque.','Quidem possimus eaque esse vel sunt sit nesciunt. Nam assumenda et sed qui aut. Perferendis ducimus sunt quibusdam ab.',0,'2021-05-16 18:33:19'),(91,41,52,'Voluptatum omnis modi impedit excepturi et voluptate.','Aspernatur eos et et id totam. Suscipit et vero voluptatibus reprehenderit quisquam ut neque. Quia mollitia aut atque quod et quo. Et laborum quia quae provident perferendis harum.',0,'2021-05-16 21:21:38'),(92,87,68,'Aut non blanditiis quos sint sed sit sed aut.','Nam qui ducimus qui quidem qui quaerat. In dolorem distinctio maxime saepe corrupti. Qui totam nihil unde tempore molestias. Nulla doloribus inventore est nihil ipsum temporibus dolorum commodi.',0,'2016-03-12 04:16:15'),(93,78,38,'Cum quis ducimus vel eaque non et mollitia.','Illo molestias id quis nisi laudantium tempora soluta. Veritatis assumenda rerum nam dolor rerum aut minima placeat. Aliquid architecto occaecati qui ipsum consequatur incidunt at nostrum. Et aut praesentium deserunt.',0,'2021-05-16 18:33:19'),(94,32,41,'Sed voluptatibus dolor ab quasi.','Vitae et ut accusamus id nihil quia dolores. Rerum eum est voluptas occaecati. Aut consequatur officia voluptatum architecto aut hic non.',1,'2020-07-03 11:10:57'),(95,66,89,'Tempora error dolorum qui libero.','Ab dignissimos non mollitia amet. Fugit rerum optio facere atque. Nam iste velit nemo et. Deserunt quis sit quibusdam.',1,'2021-05-16 18:33:19'),(96,12,2,'Nisi reprehenderit modi id atque.','Animi id eum qui ex. Recusandae expedita non architecto fugit eligendi amet. Minima facilis voluptas deleniti cumque eos sed tempore. Consequatur rerum aliquam eveniet sit pariatur praesentium excepturi enim.',0,'2020-02-09 08:52:52'),(97,14,97,'Culpa et eum nostrum cumque.','Iusto quos molestias blanditiis et aut id. Voluptatibus ut eveniet possimus necessitatibus. Rerum omnis iure non rerum numquam tenetur alias.',1,'2020-01-09 10:24:57'),(98,67,22,'Aspernatur sequi aut voluptas ea nesciunt consequatur.','Facilis aut fuga magnam sit. Fugit ad voluptatem rerum qui cupiditate consequuntur non. Non suscipit dolorem voluptatem soluta.',0,'2021-05-16 18:33:19'),(99,74,33,'Harum sed et excepturi maxime minima ex possimus.','Porro quibusdam et laboriosam illo. Quas voluptate suscipit in voluptatem quam voluptatibus exercitationem. Itaque minima eum fugit ea tempora doloribus rerum.',0,'2021-05-16 18:33:19'),(100,47,52,'Fugiat dolorum a omnis vel est commodi repudiandae.','Et repellat adipisci velit ullam consequatur totam. Quo et est quis at. Praesentium repudiandae molestias vel iste exercitationem asperiores tenetur.',1,'2021-05-16 21:21:38');
/*!40000 ALTER TABLE `review` ENABLE KEYS */;
UNLOCK TABLES;

--
-- Table structure for table `users`
--

DROP TABLE IF EXISTS `users`;
/*!40101 SET @saved_cs_client     = @@character_set_client */;
/*!50503 SET character_set_client = utf8mb4 */;
CREATE TABLE `users` (
  `id` int unsigned NOT NULL AUTO_INCREMENT COMMENT '╨Ш╨┤╨╡╨╜╤В╨╕╤Д╨╕╨║╨░╤В╨╛╤А ╤Б╤В╤А╨╛╨║╨╕',
  `first_name` varchar(100) CHARACTER SET utf8mb4 COLLATE utf8mb4_unicode_ci NOT NULL COMMENT '╨Ш╨╝╤П ╨┐╨╛╨╗╤М╨╖╨╛╨▓╨░╤В╨╡╨╗╤П',
  `last_name` varchar(100) CHARACTER SET utf8mb4 COLLATE utf8mb4_unicode_ci NOT NULL COMMENT '╨д╨░╨╝╨╕╨╗╨╕╤П ╨┐╨╛╨╗╤М╨╖╨╛╨▓╨░╤В╨╡╨╗╤П',
  `email` varchar(100) CHARACTER SET utf8mb4 COLLATE utf8mb4_unicode_ci NOT NULL COMMENT '╨Я╨╛╤З╤В╨░',
  `created_at` datetime DEFAULT CURRENT_TIMESTAMP COMMENT '╨Т╤А╨╡╨╝╤П ╤Б╨╛╨╖╨┤╨░╨╜╨╕╤П ╤Г╤З╨╡╤В╨╜╨╛╨╣ ╨╖╨░╨┐╨╕╤Б╨╕',
  PRIMARY KEY (`id`),
  UNIQUE KEY `email` (`email`)
) ENGINE=InnoDB AUTO_INCREMENT=115 DEFAULT CHARSET=utf8mb4 COLLATE=utf8mb4_unicode_ci COMMENT='╨Я╨╛╨╗╤М╨╖╨╛╨▓╨░╤В╨╡╨╗╨╕';
/*!40101 SET character_set_client = @saved_cs_client */;

--
-- Dumping data for table `users`
--

LOCK TABLES `users` WRITE;
/*!40000 ALTER TABLE `users` DISABLE KEYS */;
INSERT INTO `users` VALUES (1,'Mitchel','Mann','gconn@example.com','2019-04-25 02:37:36'),(2,'Addie','Ward','ynitzsche@example.com','2014-03-18 13:54:49'),(3,'Cortez','Kris','wstehr@example.net','2017-10-10 05:03:52'),(4,'Annamae','Schowalter','bins.tad@example.net','2019-07-22 09:02:54'),(5,'Murphy','Gulgowski','nschuppe@example.net','2019-10-29 14:55:44'),(6,'Wallace','Terry','toy.jedidiah@example.net','2021-02-11 04:34:15'),(7,'Esther','Senger','arnaldo.langosh@example.net','2018-08-23 07:27:03'),(8,'Rogers','Spencer','dquitzon@example.org','2018-03-10 15:45:29'),(9,'Mallie','Schmidt','april.mante@example.org','2012-03-21 02:56:23'),(10,'Serenity','Walter','keaton.yundt@example.net','2012-06-14 14:35:03'),(11,'Brionna','Reynolds','hkunze@example.com','2014-08-11 12:14:34'),(12,'Kareem','Schumm','thomas55@example.net','2015-10-02 06:38:38'),(13,'Frank','Waelchi','stehr.floy@example.org','2012-06-12 18:03:19'),(14,'Raymundo','Gleichner','zoie89@example.org','2019-08-31 16:12:39'),(15,'Hertha','Luettgen','koepp.ola@example.com','2017-11-15 08:41:05'),(16,'Coby','Blick','dana.kshlerin@example.org','2012-11-16 21:38:52'),(17,'Earnestine','Gaylord','sydni88@example.org','2020-11-26 13:43:43'),(18,'Beth','Schowalter','teagan.raynor@example.com','2014-09-09 02:26:20'),(19,'Ian','Pollich','richard22@example.net','2011-09-08 06:28:05'),(20,'Vincent','Littel','river.okuneva@example.com','2015-09-29 21:01:53'),(21,'Arnaldo','Heathcote','lilliana46@example.net','2017-02-06 20:50:20'),(22,'Kellen','Koelpin','blynch@example.com','2016-12-05 18:09:07'),(23,'Martin','Kilback','aditya35@example.org','2020-08-26 22:24:25'),(24,'Lelia','Green','aubree.monahan@example.com','2017-05-05 09:52:42'),(25,'Jonas','Spencer','cole.enid@example.org','2018-05-12 03:38:35'),(26,'Florine','Baumbach','lisette.pouros@example.net','2013-10-14 00:24:49'),(27,'Doyle','Pacocha','anastasia.runolfsson@example.net','2013-05-09 06:46:13'),(28,'Newell','Schneider','davis.makenna@example.org','2019-07-07 13:12:27'),(29,'Adele','Schinner','emard.clotilde@example.com','2017-05-05 09:50:12'),(30,'Brad','Maggio','jacobs.cecelia@example.net','2012-06-28 02:16:12'),(31,'Violet','Rohan','maeve.stoltenberg@example.org','2019-12-16 20:13:20'),(32,'Maynard','Larson','boyd60@example.org','2012-06-24 00:06:13'),(33,'Bryce','O\'Connell','karson.raynor@example.com','2016-01-22 21:41:18'),(34,'Adalberto','Adams','fernser@example.net','2012-09-06 14:46:26'),(35,'Enoch','Rowe','collier.ali@example.com','2012-01-21 14:42:30'),(36,'Rico','Hettinger','lindgren.domenic@example.com','2016-12-20 22:49:06'),(37,'Tyree','Reichel','unique71@example.net','2012-09-11 01:24:20'),(38,'Jazmyne','Skiles','cassandre09@example.com','2012-07-21 18:42:07'),(39,'Rosemary','Erdman','kenya70@example.net','2015-04-14 01:58:42'),(40,'Laverna','Buckridge','watsica.kassandra@example.net','2019-11-02 08:46:58'),(41,'Prince','Hoeger','simonis.marilou@example.org','2016-09-02 18:49:28'),(42,'Reggie','Greenholt','boyle.justen@example.net','2013-11-03 11:22:06'),(43,'Maxie','Beatty','newell.mann@example.net','2013-09-08 08:27:37'),(44,'Esta','Wilkinson','kirlin.alene@example.com','2019-11-14 02:16:43'),(45,'Bethel','Turcotte','dooley.judge@example.org','2012-08-14 08:53:47'),(46,'Mozell','Armstrong','jay50@example.org','2014-09-28 04:15:59'),(47,'Roberto','O\'Conner','ytrantow@example.net','2014-05-23 22:43:54'),(48,'Victor','Block','raoul.morissette@example.com','2018-11-08 18:43:11'),(49,'Shayna','Leuschke','michale.gislason@example.net','2019-07-26 15:26:55'),(50,'Josue','Ankunding','stephen76@example.org','2014-07-29 11:52:32'),(51,'Vern','Kiehn','shawn69@example.net','2012-01-27 02:41:38'),(52,'Watson','Lehner','ludie.legros@example.net','2017-08-24 08:05:08'),(53,'Keara','Erdman','annabel.cummerata@example.com','2020-09-08 21:19:56'),(54,'Arturo','Mayert','heidenreich.jordi@example.org','2016-12-06 02:56:38'),(55,'Royal','Gutkowski','sydnie83@example.com','2013-06-20 20:20:02'),(56,'Beulah','Franecki','tressa.lesch@example.net','2013-04-13 04:04:12'),(57,'Jalyn','Cronin','hberge@example.net','2016-08-29 13:16:23'),(58,'Gunner','Wolff','jamil.schowalter@example.net','2018-05-06 23:17:56'),(59,'Michaela','Hoeger','orion.gislason@example.net','2015-01-10 22:47:30'),(60,'Alfredo','Nolan','miles.heaney@example.org','2021-05-16 17:45:48'),(61,'Deborah','Ankunding','ichristiansen@example.com','2012-09-21 13:30:36'),(62,'Bryce','Rath','rfriesen@example.org','2012-11-18 08:58:47'),(63,'Leone','Kris','hbins@example.net','2018-06-09 13:57:52'),(64,'Breanne','DuBuque','labernathy@example.com','2019-04-10 23:07:38'),(65,'Audreanne','Harber','summer97@example.com','2014-11-24 06:59:11'),(66,'Alexanne','Daniel','pfannerstill.marcella@example.org','2019-07-08 06:07:39'),(67,'Kacie','Lueilwitz','jhalvorson@example.com','2021-05-16 17:45:48'),(68,'Lonnie','Dibbert','lehner.patricia@example.com','2018-01-21 10:12:37'),(69,'Yazmin','Cronin','bernhard.terrell@example.com','2019-11-18 02:45:37'),(70,'Chanelle','Reinger','bennie53@example.net','2015-08-17 21:43:19'),(71,'Jakob','Tromp','jamar14@example.com','2016-12-28 04:42:44'),(72,'Marcelo','D\'Amore','paucek.noble@example.org','2012-07-29 21:33:44'),(73,'Henriette','Schuppe','alverta.pollich@example.com','2014-10-03 08:34:59'),(74,'Adrain','Klocko','arthur.cummerata@example.org','2014-05-30 03:29:37'),(75,'Darius','Hammes','zion.schaefer@example.org','2021-02-22 18:16:08'),(76,'Leanne','Greenholt','jerde.chandler@example.org','2018-06-03 14:35:09'),(77,'Curtis','Howe','sbayer@example.org','2019-03-19 06:42:24'),(78,'Connie','Robel','jerrod.miller@example.net','2020-01-18 04:07:17'),(79,'Ellen','Schuppe','eupton@example.org','2017-01-28 09:35:28'),(80,'Martine','Koepp','webster.kuhic@example.net','2017-10-20 01:59:39'),(81,'Avis','Sanford','ybecker@example.org','2020-09-16 19:16:14'),(82,'Lee','Schuppe','farrell.kyleigh@example.org','2013-10-18 14:25:17'),(83,'Vernice','Osinski','alessandro.mills@example.org','2013-08-24 05:34:21'),(84,'Chesley','Runte','winona09@example.com','2013-03-18 21:56:16'),(85,'Alejandra','Blanda','mkozey@example.net','2012-04-04 14:54:38'),(86,'Kasey','Greenholt','fisher.taya@example.org','2017-02-21 13:39:17'),(87,'Taya','Mitchell','josephine.strosin@example.org','2012-02-19 20:51:03'),(88,'Clark','Pfannerstill','mandy03@example.com','2021-04-10 16:27:11'),(89,'Mariam','Tromp','nolan.frederick@example.com','2021-03-20 02:47:53'),(90,'Cassie','Hegmann','cheyanne.botsford@example.org','2016-08-16 01:43:23'),(91,'Stanley','Hintz','bernadine.greenfelder@example.com','2016-03-18 00:43:59'),(92,'Ashlynn','Murazik','ila60@example.org','2019-06-21 13:49:57'),(93,'Casey','Gleason','runolfsdottir.pansy@example.net','2020-03-23 18:48:23'),(94,'Jeanette','Waters','ptillman@example.net','2018-11-03 10:54:09'),(95,'Brady','Hagenes','block.ron@example.com','2013-07-30 23:44:16'),(96,'Clara','Kuphal','bulah56@example.com','2019-04-16 13:49:21'),(97,'Karli','Aufderhar','tabitha.schmeler@example.org','2016-08-22 07:17:27'),(98,'Dannie','Mayert','nadia.littel@example.net','2019-07-26 13:46:40'),(99,'Juliet','Huel','elind@example.org','2020-12-14 21:02:52'),(100,'Cali','Christiansen','royal.krajcik@example.org','2013-03-27 03:20:17');
/*!40000 ALTER TABLE `users` ENABLE KEYS */;
UNLOCK TABLES;
/*!50003 SET @saved_cs_client      = @@character_set_client */ ;
/*!50003 SET @saved_cs_results     = @@character_set_results */ ;
/*!50003 SET @saved_col_connection = @@collation_connection */ ;
/*!50003 SET character_set_client  = utf8mb4 */ ;
/*!50003 SET character_set_results = utf8mb4 */ ;
/*!50003 SET collation_connection  = utf8mb4_0900_ai_ci */ ;
/*!50003 SET @saved_sql_mode       = @@sql_mode */ ;
/*!50003 SET sql_mode              = 'STRICT_TRANS_TABLES,NO_ENGINE_SUBSTITUTION' */ ;
DELIMITER ;;
/*!50003 CREATE*/ /*!50017 DEFINER=`root`@`localhost`*/ /*!50003 TRIGGER `check_null` BEFORE INSERT ON `users` FOR EACH ROW BEGIN
 IF(ISNULL(NEW.first_name) AND ISNULL(NEW.last_name)) 
 THEN SIGNAL SQLSTATE '45000' SET MESSAGE_TEXT = 'DELETE canceled';
	END IF;
END */;;
DELIMITER ;
/*!50003 SET sql_mode              = @saved_sql_mode */ ;
/*!50003 SET character_set_client  = @saved_cs_client */ ;
/*!50003 SET character_set_results = @saved_cs_results */ ;
/*!50003 SET collation_connection  = @saved_col_connection */ ;
/*!50003 SET @saved_cs_client      = @@character_set_client */ ;
/*!50003 SET @saved_cs_results     = @@character_set_results */ ;
/*!50003 SET @saved_col_connection = @@collation_connection */ ;
/*!50003 SET character_set_client  = utf8mb4 */ ;
/*!50003 SET character_set_results = utf8mb4 */ ;
/*!50003 SET collation_connection  = utf8mb4_0900_ai_ci */ ;
/*!50003 SET @saved_sql_mode       = @@sql_mode */ ;
/*!50003 SET sql_mode              = 'STRICT_TRANS_TABLES,NO_ENGINE_SUBSTITUTION' */ ;
DELIMITER ;;
/*!50003 CREATE*/ /*!50017 DEFINER=`root`@`localhost`*/ /*!50003 TRIGGER `create_profiles_info` AFTER INSERT ON `users` FOR EACH ROW BEGIN
 INSERT INTO
  profiles(user_id, avatar_id, nickname, gender, birthday, favorite_film, count_viewed_films, count_likes, updated_at)
VALUES
  ( 101, 101,'name','m','2000-04-05',1,1,1,NOW());
END */;;
DELIMITER ;
/*!50003 SET sql_mode              = @saved_sql_mode */ ;
/*!50003 SET character_set_client  = @saved_cs_client */ ;
/*!50003 SET character_set_results = @saved_cs_results */ ;
/*!50003 SET collation_connection  = @saved_col_connection */ ;
/*!50003 SET @saved_cs_client      = @@character_set_client */ ;
/*!50003 SET @saved_cs_results     = @@character_set_results */ ;
/*!50003 SET @saved_col_connection = @@collation_connection */ ;
/*!50003 SET character_set_client  = utf8mb4 */ ;
/*!50003 SET character_set_results = utf8mb4 */ ;
/*!50003 SET collation_connection  = utf8mb4_0900_ai_ci */ ;
/*!50003 SET @saved_sql_mode       = @@sql_mode */ ;
/*!50003 SET sql_mode              = 'STRICT_TRANS_TABLES,NO_ENGINE_SUBSTITUTION' */ ;
DELIMITER ;;
/*!50003 CREATE*/ /*!50017 DEFINER=`root`@`localhost`*/ /*!50003 TRIGGER `create_avatar_info` AFTER INSERT ON `users` FOR EACH ROW BEGIN
 INSERT INTO
  media_users(target_id, filename, media_type, size)
VALUES
  ( 101, 'input_name','png',500);
END */;;
DELIMITER ;
/*!50003 SET sql_mode              = @saved_sql_mode */ ;
/*!50003 SET character_set_client  = @saved_cs_client */ ;
/*!50003 SET character_set_results = @saved_cs_results */ ;
/*!50003 SET collation_connection  = @saved_col_connection */ ;
/*!50003 SET @saved_cs_client      = @@character_set_client */ ;
/*!50003 SET @saved_cs_results     = @@character_set_results */ ;
/*!50003 SET @saved_col_connection = @@collation_connection */ ;
/*!50003 SET character_set_client  = utf8mb4 */ ;
/*!50003 SET character_set_results = utf8mb4 */ ;
/*!50003 SET collation_connection  = utf8mb4_0900_ai_ci */ ;
/*!50003 SET @saved_sql_mode       = @@sql_mode */ ;
/*!50003 SET sql_mode              = 'STRICT_TRANS_TABLES,NO_ENGINE_SUBSTITUTION' */ ;
DELIMITER ;;
/*!50003 CREATE*/ /*!50017 DEFINER=`root`@`localhost`*/ /*!50003 TRIGGER `update_check_null` BEFORE UPDATE ON `users` FOR EACH ROW BEGIN
 IF(ISNULL(NEW.first_name) AND ISNULL(NEW.last_name)) 
 THEN SIGNAL SQLSTATE '45000' SET MESSAGE_TEXT = 'DELETE canceled';
	END IF;
END */;;
DELIMITER ;
/*!50003 SET sql_mode              = @saved_sql_mode */ ;
/*!50003 SET character_set_client  = @saved_cs_client */ ;
/*!50003 SET character_set_results = @saved_cs_results */ ;
/*!50003 SET collation_connection  = @saved_col_connection */ ;

--
-- Final view structure for view `film_and_ators`
--

/*!50001 DROP VIEW IF EXISTS `film_and_ators`*/;
/*!50001 SET @saved_cs_client          = @@character_set_client */;
/*!50001 SET @saved_cs_results         = @@character_set_results */;
/*!50001 SET @saved_col_connection     = @@collation_connection */;
/*!50001 SET character_set_client      = utf8mb4 */;
/*!50001 SET character_set_results     = utf8mb4 */;
/*!50001 SET collation_connection      = utf8mb4_0900_ai_ci */;
/*!50001 CREATE ALGORITHM=UNDEFINED */
/*!50013 DEFINER=`root`@`localhost` SQL SECURITY DEFINER */
/*!50001 VIEW `film_and_ators` AS select `actors`.`last_name` AS `last_name`,`films`.`film_name` AS `film` from ((`films` left join `actors_in_films` on((`films`.`id` = `actors_in_films`.`films_id`))) join `actors` on((`actors`.`id` = `actors_in_films`.`actors_id`))) */;
/*!50001 SET character_set_client      = @saved_cs_client */;
/*!50001 SET character_set_results     = @saved_cs_results */;
/*!50001 SET collation_connection      = @saved_col_connection */;

--
-- Final view structure for view `film_and_avatar`
--

/*!50001 DROP VIEW IF EXISTS `film_and_avatar`*/;
/*!50001 SET @saved_cs_client          = @@character_set_client */;
/*!50001 SET @saved_cs_results         = @@character_set_results */;
/*!50001 SET @saved_col_connection     = @@collation_connection */;
/*!50001 SET character_set_client      = utf8mb4 */;
/*!50001 SET character_set_results     = utf8mb4 */;
/*!50001 SET collation_connection      = utf8mb4_0900_ai_ci */;
/*!50001 CREATE ALGORITHM=UNDEFINED */
/*!50013 DEFINER=`root`@`localhost` SQL SECURITY DEFINER */
/*!50001 VIEW `film_and_avatar` AS select `films`.`film_name` AS `film_name`,`media_films`.`filename` AS `picture_of_film` from (`films` left join `media_films` on((`films`.`id` = `media_films`.`target_id`))) */;
/*!50001 SET character_set_client      = @saved_cs_client */;
/*!50001 SET character_set_results     = @saved_cs_results */;
/*!50001 SET collation_connection      = @saved_col_connection */;

--
-- Final view structure for view `film_and_picture`
--

/*!50001 DROP VIEW IF EXISTS `film_and_picture`*/;
/*!50001 SET @saved_cs_client          = @@character_set_client */;
/*!50001 SET @saved_cs_results         = @@character_set_results */;
/*!50001 SET @saved_col_connection     = @@collation_connection */;
/*!50001 SET character_set_client      = utf8mb4 */;
/*!50001 SET character_set_results     = utf8mb4 */;
/*!50001 SET collation_connection      = utf8mb4_0900_ai_ci */;
/*!50001 CREATE ALGORITHM=UNDEFINED */
/*!50013 DEFINER=`root`@`localhost` SQL SECURITY DEFINER */
/*!50001 VIEW `film_and_picture` AS select `films`.`film_name` AS `film_name`,`media_films`.`filename` AS `picture_of_film` from (`films` left join `media_films` on((`films`.`id` = `media_films`.`target_id`))) */;
/*!50001 SET character_set_client      = @saved_cs_client */;
/*!50001 SET character_set_results     = @saved_cs_results */;
/*!50001 SET collation_connection      = @saved_col_connection */;
/*!40103 SET TIME_ZONE=@OLD_TIME_ZONE */;

/*!40101 SET SQL_MODE=@OLD_SQL_MODE */;
/*!40014 SET FOREIGN_KEY_CHECKS=@OLD_FOREIGN_KEY_CHECKS */;
/*!40014 SET UNIQUE_CHECKS=@OLD_UNIQUE_CHECKS */;
/*!40101 SET CHARACTER_SET_CLIENT=@OLD_CHARACTER_SET_CLIENT */;
/*!40101 SET CHARACTER_SET_RESULTS=@OLD_CHARACTER_SET_RESULTS */;
/*!40101 SET COLLATION_CONNECTION=@OLD_COLLATION_CONNECTION */;
/*!40111 SET SQL_NOTES=@OLD_SQL_NOTES */;

-- Dump completed on 2021-05-17  1:24:13
